trip_id,truck_id,driver_id,route_id,trip_date,distance_km,fuel_liters,load_tons,travel_time_hours,scheduled_time_hours,delivery_status
TR0001,T014,D009,R002,2025-09-19 09:01:31.024140,259,58.58,2.09,5.61,4.75,Late
TR0002,T023,D004,R004,2025-12-15 09:01:31.026141,380,107.24,3.27,7.61,6.94,Late
TR0003,T060,D020,R001,2026-05-14 09:01:31.028864,574,138.26,5.13,10.43,10.65,On Time
TR0004,T012,D018,R006,2025-11-08 09:01:31.030914,583,136.75,4.65,12.41,11.98,Late
TR0005,T044,D017,R002,2026-03-19 09:01:31.032913,233,66.79,2.49,4.88,4.67,Late
TR0006,T044,D017,R001,2026-09-11 09:01:31.034913,564,132.37,3.95,9.76,10.16,On Time
TR0007,T025,D034,R002,2026-05-16 09:01:31.035913,237,79.46,2.43,4.97,4.64,Late
TR0008,T083,D025,R005,2026-05-26 09:01:31.038914,642,184.4,3.73,10.01,11.28,On Time
TR0009,T032,D028,R007,2026-03-24 09:01:31.039914,695,181.56,4.15,14.73,13.75,Late
TR0010,T096,D011,R006,2026-05-11 09:01:31.041913,601,190.09,2.91,10.37,10.82,On Time
TR0011,T093,D023,R003,2025-09-28 09:01:31.043913,372,118.81,2.35,8.16,6.63,Late
TR0012,T028,D001,R001,2025-12-22 09:01:31.045468,594,171.26,4.25,13.19,10.63,Late
TR0013,T013,D042,R005,2026-09-09 09:01:31.047515,650,225.05,5.02,12.38,13.43,On Time
TR0014,T017,D039,R003,2026-07-14 09:01:31.049515,377,145.5,3.21,7.96,8.23,On Time
TR0015,T097,D037,R002,2026-01-14 09:01:31.050514,263,97.22,2.27,5.61,5.82,On Time
TR0016,T024,D049,R003,2026-08-14 09:01:31.052514,363,120.8,2.76,5.62,6.27,On Time
TR0017,T010,D025,R002,2025-12-02 09:01:31.054521,268,71.3,2.59,5.32,5.85,On Time
TR0018,T011,D050,R004,2025-11-04 09:01:31.056515,349,127.52,2.37,6.75,6.18,Late
TR0019,T067,D047,R003,2026-02-09 09:01:31.058515,384,112.91,2.58,8.88,7.44,Late
TR0020,T080,D017,R004,2026-06-02 09:01:31.059516,337,90.61,3.03,7.39,6.01,Late
TR0021,T034,D009,R004,2026-06-28 09:01:31.061515,376,141.23,2.0,8.29,7.74,Late
TR0022,T058,D043,R006,2025-09-20 09:01:31.063087,610,165.42,3.12,11.65,12.36,On Time
TR0023,T059,D003,R001,2025-10-31 09:01:31.065091,551,142.2,4.22,10.91,9.36,Late
TR0024,T026,D026,R003,2026-05-03 09:01:31.067084,387,141.78,3.57,7.28,8.0,On Time
TR0025,T010,D025,R006,2025-11-29 09:01:31.069086,569,200.93,5.65,13.19,11.47,Late
TR0026,T057,D012,R006,2026-04-30 09:01:31.071085,573,166.7,3.98,11.69,11.56,Late
TR0027,T064,D039,R007,2026-04-04 09:01:31.072084,704,264.57,5.05,15.79,15.44,Late
TR0028,T004,D007,R006,2025-11-20 09:01:31.074084,571,193.05,5.77,12.37,10.36,Late
TR0029,T098,D007,R002,2026-06-19 09:01:31.076084,275,66.38,2.29,5.93,5.13,Late
TR0030,T084,D022,R005,2025-10-26 09:01:31.078084,625,144.27,5.48,14.2,13.1,Late
TR0031,T012,D018,R006,2026-06-26 09:01:31.079675,596,186.49,3.31,13.33,11.92,Late
TR0032,T089,D040,R003,2025-12-09 09:01:31.080672,391,127.1,2.07,7.77,6.61,Late
TR0033,T012,D018,R005,2025-12-27 09:01:31.082672,617,205.34,5.52,15.3,13.2,Late
TR0034,T001,D015,R005,2025-12-25 09:01:31.084675,639,150.75,3.54,10.73,12.31,On Time
TR0035,T097,D037,R004,2025-12-09 09:01:31.086672,365,97.31,2.21,6.03,6.47,On Time
TR0036,T037,D026,R001,2025-10-29 09:01:31.088672,575,134.92,4.3,9.48,11.0,On Time
TR0037,T031,D031,R008,2026-07-31 09:01:31.090672,309,109.7,2.21,6.21,5.8,Late
TR0038,T015,D038,R003,2026-04-20 09:01:31.091672,389,88.53,2.97,6.48,7.11,On Time
TR0039,T035,D029,R006,2025-12-08 09:01:31.093671,592,141.99,2.57,9.4,9.92,On Time
TR0040,T025,D034,R001,2026-08-12 09:01:31.095672,605,163.57,3.04,9.74,10.77,On Time
TR0041,T054,D038,R001,2026-04-25 09:01:31.097256,568,130.02,4.74,12.72,10.8,Late
TR0042,T076,D016,R006,2025-12-15 09:01:31.099254,603,134.07,3.92,10.48,11.52,On Time
TR0043,T043,D027,R001,2026-06-12 09:01:31.101254,582,144.57,5.7,14.05,11.49,Late
TR0044,T031,D031,R003,2026-04-07 09:01:31.102254,396,121.25,3.41,6.95,6.85,Late
TR0045,T091,D025,R002,2025-10-18 09:01:31.104254,290,70.34,2.61,6.37,5.71,Late
TR0046,T064,D039,R007,2026-07-27 09:01:31.106254,678,246.32,6.42,11.2,11.4,On Time
TR0047,T057,D012,R005,2026-02-19 09:01:31.108254,603,169.77,5.72,13.25,11.63,Late
TR0048,T020,D033,R005,2025-09-27 09:01:31.109254,601,174.76,3.7,9.94,10.09,On Time
TR0049,T011,D050,R007,2026-04-07 09:01:31.111254,730,231.22,5.17,14.08,13.24,Late
TR0050,T098,D007,R007,2025-10-28 09:01:31.112756,707,166.56,5.46,13.63,15.53,On Time
TR0051,T037,D026,R002,2025-10-27 09:01:31.114830,246,61.6,2.44,4.25,4.78,On Time
TR0052,T013,D042,R006,2026-04-03 09:01:31.116830,594,209.69,5.15,10.34,12.0,On Time
TR0053,T038,D030,R001,2025-12-01 09:01:31.118830,569,175.09,4.57,12.81,12.06,Late
TR0054,T024,D049,R007,2025-10-02 09:01:31.119839,686,240.69,3.22,12.71,12.67,Late
TR0055,T075,D027,R006,2025-10-10 09:01:31.121834,575,193.97,2.04,10.9,10.54,Late
TR0056,T060,D020,R008,2026-03-24 09:01:31.123830,321,104.38,2.93,5.3,6.03,On Time
TR0057,T039,D013,R002,2026-04-15 09:01:31.125831,272,61.48,2.12,5.07,4.91,Late
TR0058,T050,D014,R006,2025-11-26 09:01:31.126830,620,178.86,3.17,13.78,12.77,Late
TR0059,T090,D042,R002,2026-09-12 09:01:31.129435,250,98.28,2.35,4.39,4.35,Late
TR0060,T088,D043,R005,2026-01-05 09:01:31.131499,646,161.93,5.56,15.43,14.12,Late
TR0061,T037,D026,R001,2025-10-26 09:01:31.133487,596,145.45,2.72,10.92,11.02,On Time
TR0062,T033,D026,R006,2026-07-08 09:01:31.134486,609,151.83,4.49,12.1,10.78,Late
TR0063,T081,D018,R004,2026-03-14 09:01:31.136489,375,145.41,3.2,5.7,6.6,On Time
TR0064,T012,D018,R005,2026-07-11 09:01:31.138488,655,211.96,5.36,10.72,11.65,On Time
TR0065,T047,D016,R003,2026-01-13 09:01:31.140484,393,112.17,3.84,7.34,8.01,On Time
TR0066,T038,D030,R002,2026-08-09 09:01:31.141483,279,65.79,2.09,5.07,4.89,Late
TR0067,T029,D003,R005,2025-12-05 09:01:31.143483,652,169.23,3.56,11.94,11.83,Late
TR0068,T051,D041,R003,2025-10-07 09:01:31.145484,360,118.85,2.5,7.66,7.68,On Time
TR0069,T049,D007,R007,2026-01-18 09:01:31.147281,728,192.74,2.13,16.13,14.4,Late
TR0070,T072,D043,R002,2026-01-22 09:01:31.149274,252,58.19,2.56,4.57,5.22,On Time
TR0071,T039,D013,R007,2026-04-14 09:01:31.151273,717,216.19,7.04,18.7,15.22,Late
TR0072,T015,D038,R001,2026-03-11 09:01:31.152273,553,186.22,4.53,10.48,10.42,Late
TR0073,T096,D011,R007,2026-06-29 09:01:31.154279,720,163.94,6.48,16.1,14.04,Late
TR0074,T084,D022,R007,2026-04-26 09:01:31.156273,682,163.65,2.17,15.41,12.57,Late
TR0075,T048,D043,R006,2026-07-28 09:01:31.158273,579,170.96,5.88,11.65,9.77,Late
TR0076,T048,D043,R002,2026-04-28 09:01:31.159273,266,61.81,2.12,4.26,4.87,On Time
TR0077,T016,D049,R001,2025-10-23 09:01:31.161273,607,144.66,4.41,13.06,11.71,Late
TR0078,T003,D018,R004,2025-12-01 09:01:31.163063,337,82.73,2.34,6.24,6.93,On Time
TR0079,T098,D007,R008,2026-04-01 09:01:31.165178,299,102.6,2.73,7.43,6.2,Late
TR0080,T077,D015,R003,2025-12-14 09:01:31.167178,360,117.86,2.48,7.49,6.02,Late
TR0081,T023,D004,R001,2026-05-18 09:01:31.168178,554,144.95,4.22,10.45,12.21,On Time
TR0082,T003,D018,R005,2026-07-20 09:01:31.170178,608,200.61,5.18,13.2,12.96,Late
TR0083,T061,D022,R006,2026-01-02 09:01:31.172178,594,146.45,2.88,10.07,11.27,On Time
TR0084,T079,D040,R006,2026-04-15 09:01:31.173178,568,143.63,3.81,10.79,9.69,Late
TR0085,T004,D007,R002,2026-07-23 09:01:31.175178,235,52.26,2.3,4.15,4.07,Late
TR0086,T057,D012,R006,2026-07-14 09:01:31.177178,570,132.6,3.09,10.4,11.44,On Time
TR0087,T082,D022,R004,2025-12-19 09:01:31.178968,371,103.15,2.48,9.28,7.44,Late
TR0088,T065,D046,R008,2025-10-16 09:01:31.181056,302,89.87,2.61,4.76,5.31,On Time
TR0089,T099,D023,R004,2026-05-23 09:01:31.183056,369,93.61,2.68,7.88,7.65,Late
TR0090,T059,D003,R008,2025-10-11 09:01:31.184056,289,86.74,2.24,6.35,6.22,Late
TR0091,T020,D033,R003,2026-07-31 09:01:31.186055,403,92.73,2.82,10.36,8.76,Late
TR0092,T096,D011,R005,2025-12-03 09:01:31.188055,644,198.44,4.4,11.99,13.72,On Time
TR0093,T086,D020,R002,2026-02-12 09:01:31.189055,239,71.95,2.54,5.04,4.11,Late
TR0094,T093,D023,R008,2025-11-25 09:01:31.191055,267,60.18,2.48,4.89,4.94,On Time
TR0095,T020,D033,R007,2025-12-06 09:01:31.193056,718,207.25,3.86,12.32,12.44,On Time
TR0096,T098,D007,R002,2025-11-02 09:01:31.195056,249,68.25,2.38,5.18,4.36,Late
TR0097,T083,D025,R005,2026-05-03 09:01:31.196654,632,247.6,2.12,12.67,10.72,Late
TR0098,T035,D029,R006,2026-06-16 09:01:31.198650,610,151.56,5.44,10.27,10.37,On Time
TR0099,T073,D049,R002,2026-09-01 09:01:31.200650,274,82.99,2.06,6.41,5.81,Late
TR0100,T068,D026,R004,2026-04-10 09:01:31.201650,347,106.69,3.18,6.12,6.7,On Time
TR0101,T100,D027,R001,2026-06-28 09:01:31.203650,607,166.98,4.84,11.43,13.12,On Time
TR0102,T007,D006,R008,2025-11-10 09:01:31.205650,307,115.28,2.42,6.06,5.94,Late
TR0103,T035,D029,R003,2026-04-24 09:01:31.206650,373,93.02,3.29,8.17,7.99,Late
TR0104,T076,D016,R005,2025-11-14 09:01:31.208650,628,176.71,2.23,11.87,12.65,On Time
TR0105,T027,D015,R004,2026-04-21 09:01:31.210654,353,80.4,2.54,7.22,6.25,Late
TR0106,T001,D015,R008,2025-09-21 09:01:31.212166,295,73.86,2.22,6.2,6.19,Late
TR0107,T072,D043,R006,2026-08-26 09:01:31.214237,619,161.36,3.73,12.41,12.3,Late
TR0108,T059,D003,R005,2026-02-21 09:01:31.216237,655,246.64,5.03,13.47,13.18,Late
TR0109,T054,D038,R007,2025-11-04 09:01:31.217237,694,254.18,4.33,15.01,15.32,On Time
TR0110,T089,D040,R005,2026-02-05 09:01:31.219237,655,203.18,4.51,11.34,12.71,On Time
TR0111,T068,D026,R003,2026-03-30 09:01:31.221237,365,110.89,3.48,7.25,7.35,On Time
TR0112,T010,D025,R007,2026-03-22 09:01:31.222237,708,187.98,3.78,12.4,13.37,On Time
TR0113,T083,D025,R004,2026-06-20 09:01:31.225251,386,138.08,2.99,7.9,8.29,On Time
TR0114,T098,D007,R006,2026-01-07 09:01:31.226251,614,161.11,3.84,14.93,12.88,Late
TR0115,T073,D049,R003,2025-10-22 09:01:31.228237,408,111.51,3.21,8.89,7.39,Late
TR0116,T080,D017,R006,2026-08-13 09:01:31.230413,586,138.58,3.86,9.8,10.77,On Time
TR0117,T081,D018,R005,2026-08-10 09:01:31.231413,616,150.51,3.33,11.32,11.43,On Time
TR0118,T058,D043,R005,2026-08-01 09:01:31.233412,599,229.17,4.63,9.18,10.42,On Time
TR0119,T065,D046,R002,2026-08-26 09:01:31.235411,256,74.74,2.28,5.6,4.8,Late
TR0120,T074,D002,R003,2026-08-16 09:01:31.236411,401,139.41,2.86,7.8,7.42,Late
TR0121,T044,D017,R007,2025-09-19 09:01:31.238411,721,270.17,4.22,11.41,13.18,On Time
TR0122,T057,D012,R005,2026-04-25 09:01:31.240415,630,177.69,3.65,13.29,13.3,On Time
TR0123,T100,D027,R004,2026-03-29 09:01:31.242411,355,92.02,2.11,8.54,7.75,Late
TR0124,T013,D042,R004,2025-10-15 09:01:31.244414,369,95.68,3.58,8.53,7.49,Late
TR0125,T078,D008,R007,2026-03-21 09:01:31.246154,731,261.0,3.57,17.64,15.81,Late
TR0126,T084,D022,R002,2026-08-04 09:01:31.247150,276,72.17,2.19,6.67,5.88,Late
TR0127,T049,D007,R002,2025-10-01 09:01:31.249149,273,66.86,2.57,5.33,4.77,Late
TR0128,T012,D018,R008,2026-04-11 09:01:31.251148,305,79.41,2.17,4.97,5.8,On Time
TR0129,T028,D001,R005,2026-07-08 09:01:31.253151,618,140.6,2.66,11.12,11.82,On Time
TR0130,T038,D030,R008,2025-12-21 09:01:31.254148,318,78.01,2.04,6.44,6.04,Late
TR0131,T044,D017,R003,2026-06-25 09:01:31.256147,416,103.16,2.34,8.87,8.86,Late
TR0132,T089,D040,R008,2026-08-25 09:01:31.258149,313,83.48,2.39,6.09,5.35,Late
TR0133,T087,D015,R002,2026-01-30 09:01:31.260148,278,93.44,2.15,5.19,5.38,On Time
TR0134,T031,D031,R003,2026-06-09 09:01:31.261648,379,85.53,2.7,8.09,6.68,Late
TR0135,T074,D002,R001,2025-12-20 09:01:31.263769,575,167.96,3.58,11.71,11.68,Late
TR0136,T021,D010,R001,2026-08-21 09:01:31.264775,599,206.59,4.42,13.29,11.08,Late
TR0137,T048,D043,R005,2026-07-15 09:01:31.266770,632,144.67,3.22,11.99,11.35,Late
TR0138,T098,D007,R008,2026-02-05 09:01:31.268769,274,89.97,2.09,4.25,4.68,On Time
TR0139,T029,D003,R003,2026-08-20 09:01:31.270769,412,121.1,2.75,7.06,8.2,On Time
TR0140,T048,D043,R004,2026-04-06 09:01:31.272770,349,106.65,3.53,7.1,7.55,On Time
TR0141,T092,D018,R005,2026-01-18 09:01:31.273770,638,201.22,4.97,11.7,13.52,On Time
TR0142,T018,D036,R002,2026-08-07 09:01:31.275769,280,71.59,2.01,4.61,5.41,On Time
TR0143,T028,D001,R006,2026-02-12 09:01:31.277773,619,221.15,2.44,11.45,10.47,Late
TR0144,T037,D026,R004,2025-11-02 09:01:31.279354,349,112.5,2.75,7.77,7.63,Late
TR0145,T015,D038,R004,2025-12-27 09:01:31.280348,387,89.79,2.94,6.14,7.17,On Time
TR0146,T092,D018,R007,2025-11-28 09:01:31.282349,685,222.22,4.11,15.08,15.21,On Time
TR0147,T086,D020,R008,2025-12-21 09:01:31.284347,306,114.55,2.51,4.5,5.13,On Time
TR0148,T065,D046,R002,2026-03-02 09:01:31.286348,267,105.09,2.61,3.99,4.6,On Time
TR0149,T033,D026,R007,2025-10-15 09:01:31.288349,723,285.49,5.18,12.57,12.72,On Time
TR0150,T099,D023,R001,2025-12-11 09:01:31.289349,584,147.09,3.28,10.14,11.68,On Time
TR0151,T083,D025,R001,2026-01-14 09:01:31.291349,558,134.11,4.38,12.55,10.1,Late
TR0152,T018,D036,R004,2026-06-05 09:01:31.293350,338,85.96,2.07,4.94,5.71,On Time
TR0153,T026,D026,R008,2025-12-12 09:01:31.294897,320,123.85,2.44,5.72,5.42,Late
TR0154,T005,D035,R007,2026-08-23 09:01:31.297060,724,190.84,6.38,17.55,14.69,Late
TR0155,T043,D027,R003,2026-02-03 09:01:31.298060,377,137.14,3.7,9.0,7.46,Late
TR0156,T050,D014,R005,2025-12-25 09:01:31.300059,618,138.96,3.14,12.36,11.78,Late
TR0157,T011,D050,R008,2026-06-16 09:01:31.302060,310,92.56,2.51,7.51,6.02,Late
TR0158,T042,D026,R006,2025-11-12 09:01:31.304064,572,215.03,4.84,10.13,10.42,On Time
TR0159,T022,D032,R004,2026-03-20 09:01:31.306060,378,111.58,3.01,8.34,7.31,Late
TR0160,T056,D050,R003,2025-10-08 09:01:31.308059,377,99.76,3.21,5.79,6.63,On Time
TR0161,T047,D016,R001,2026-07-05 09:01:31.309059,579,141.14,5.2,12.91,10.49,Late
TR0162,T087,D015,R006,2025-10-21 09:01:31.311059,616,182.45,3.45,12.41,13.14,On Time
TR0163,T050,D014,R001,2026-03-11 09:01:31.312678,607,167.01,3.4,12.58,11.22,Late
TR0164,T098,D007,R003,2025-10-19 09:01:31.314676,364,99.78,2.53,6.94,6.88,Late
TR0165,T015,D038,R005,2025-12-03 09:01:31.316674,598,150.58,2.5,11.44,11.39,Late
TR0166,T100,D027,R001,2025-09-26 09:01:31.318678,563,144.06,5.46,12.79,11.68,Late
TR0167,T063,D007,R005,2026-02-01 09:01:31.319675,609,221.84,6.26,10.86,10.54,Late
TR0168,T088,D043,R002,2025-12-09 09:01:31.321674,286,63.94,2.34,5.9,5.2,Late
TR0169,T039,D013,R008,2026-06-19 09:01:31.323672,318,112.97,2.75,6.45,5.71,Late
TR0170,T066,D028,R006,2026-01-07 09:01:31.324673,580,211.47,2.1,10.94,12.08,On Time
TR0171,T071,D029,R002,2025-11-07 09:01:31.326674,268,82.77,2.55,5.03,4.7,Late
TR0172,T009,D039,R004,2026-02-18 09:01:31.328162,353,107.09,3.26,6.59,6.33,Late
TR0173,T074,D002,R007,2026-01-21 09:01:31.330272,680,247.21,5.44,12.03,13.67,On Time
TR0174,T045,D021,R007,2026-06-15 09:01:31.332270,684,160.72,5.88,13.34,12.06,Late
TR0175,T017,D039,R004,2025-12-25 09:01:31.334271,361,102.97,2.25,7.36,6.22,Late
TR0176,T022,D032,R002,2025-12-25 09:01:31.335272,242,76.94,2.55,4.3,4.35,On Time
TR0177,T011,D050,R003,2025-10-31 09:01:31.337271,376,129.99,2.58,6.09,6.34,On Time
TR0178,T069,D044,R005,2026-06-30 09:01:31.339271,602,171.75,2.73,15.54,12.67,Late
TR0179,T080,D017,R002,2026-08-26 09:01:31.340272,278,64.59,2.51,6.77,5.55,Late
TR0180,T004,D007,R008,2025-10-18 09:01:31.342271,269,103.82,2.2,5.32,4.92,Late
TR0181,T074,D002,R001,2025-12-11 09:01:31.344271,573,153.36,3.09,15.2,12.61,Late
TR0182,T039,D013,R003,2026-01-27 09:01:31.345789,390,130.45,2.14,6.91,6.83,Late
TR0183,T008,D011,R002,2025-11-10 09:01:31.347908,242,71.61,2.09,4.31,4.63,On Time
TR0184,T092,D018,R006,2026-07-12 09:01:31.349910,586,147.67,5.01,12.55,10.12,Late
TR0185,T066,D028,R007,2026-01-29 09:01:31.351911,711,262.13,3.25,13.14,14.62,On Time
TR0186,T013,D042,R002,2026-05-12 09:01:31.352933,235,76.29,2.6,5.08,4.63,Late
TR0187,T021,D010,R003,2026-06-27 09:01:31.354909,412,130.59,2.95,7.49,7.68,On Time
TR0188,T066,D028,R005,2026-02-27 09:01:31.356908,626,178.98,4.16,10.84,12.61,On Time
TR0189,T031,D031,R001,2025-11-15 09:01:31.358908,560,152.73,5.33,11.79,12.25,On Time
TR0190,T084,D022,R005,2026-02-08 09:01:31.359908,640,185.98,2.57,14.34,12.06,Late
TR0191,T034,D009,R004,2026-08-21 09:01:31.362438,380,117.59,2.94,6.46,7.44,On Time
TR0192,T025,D034,R007,2025-12-09 09:01:31.363562,699,193.82,3.42,15.94,15.16,Late
TR0193,T080,D017,R008,2026-03-09 09:01:31.365562,307,82.48,2.75,5.81,6.54,On Time
TR0194,T044,D017,R007,2025-12-30 09:01:31.367561,711,162.41,4.03,11.73,12.62,On Time
TR0195,T006,D037,R004,2025-12-25 09:01:31.368560,336,130.34,2.75,7.06,6.03,Late
TR0196,T078,D008,R008,2026-06-25 09:01:31.370560,321,90.91,2.37,7.04,6.43,Late
TR0197,T079,D040,R008,2025-12-30 09:01:31.372559,311,74.31,2.5,6.08,5.77,Late
TR0198,T091,D025,R006,2025-10-07 09:01:31.374560,602,194.22,2.43,10.49,10.52,On Time
TR0199,T054,D038,R005,2025-10-29 09:01:31.375560,634,203.51,2.11,13.0,10.84,Late
TR0200,T061,D022,R006,2025-11-25 09:01:31.378087,582,131.25,2.9,11.91,10.26,Late
TR0201,T007,D006,R008,2026-03-06 09:01:31.380397,301,86.97,2.14,6.48,5.69,Late
TR0202,T088,D043,R006,2026-09-07 09:01:31.382385,581,226.68,3.75,8.77,9.81,On Time
TR0203,T054,D038,R006,2025-11-07 09:01:31.383376,575,172.88,5.65,12.57,11.96,Late
TR0204,T095,D031,R006,2026-04-03 09:01:31.385377,612,233.18,5.95,12.13,13.0,On Time
TR0205,T062,D002,R003,2025-12-18 09:01:31.387375,393,120.79,2.65,6.84,6.62,Late
TR0206,T046,D035,R005,2025-09-27 09:01:31.389385,640,158.26,3.13,12.7,11.47,Late
TR0207,T062,D002,R006,2026-04-17 09:01:31.391381,578,130.93,5.05,11.39,11.75,On Time
TR0208,T091,D025,R008,2025-12-04 09:01:31.392384,277,71.38,2.88,5.51,5.29,Late
TR0209,T093,D023,R002,2026-02-26 09:01:31.394383,249,80.96,2.51,4.96,4.65,Late
TR0210,T099,D023,R001,2026-08-07 09:01:31.396111,598,214.11,3.31,16.15,13.11,Late
TR0211,T057,D012,R006,2025-12-15 09:01:31.398113,607,201.47,3.07,10.83,11.63,On Time
TR0212,T072,D043,R004,2026-05-17 09:01:31.400108,378,124.21,2.4,9.29,8.1,Late
TR0213,T086,D020,R004,2026-02-17 09:01:31.401106,391,109.77,2.54,6.25,7.17,On Time
TR0214,T061,D022,R005,2026-06-28 09:01:31.403105,603,156.12,3.74,15.83,12.81,Late
TR0215,T061,D022,R008,2026-04-23 09:01:31.405108,294,77.35,2.61,5.04,5.22,On Time
TR0216,T099,D023,R006,2026-08-28 09:01:31.406109,571,150.08,5.62,13.49,11.78,Late
TR0217,T023,D004,R006,2026-02-25 09:01:31.408103,592,138.82,5.12,15.14,12.43,Late
TR0218,T024,D049,R008,2026-08-28 09:01:31.410102,323,80.79,2.01,5.37,5.56,On Time
TR0219,T073,D049,R004,2025-10-23 09:01:31.411102,372,137.04,2.89,6.0,6.23,On Time
TR0220,T064,D039,R005,2026-06-10 09:01:31.413109,653,149.18,5.45,11.72,11.3,Late
TR0221,T043,D027,R004,2026-09-09 09:01:31.417377,344,86.82,3.21,7.15,6.29,Late
TR0222,T038,D030,R004,2025-10-24 09:01:31.419377,370,96.13,3.47,8.45,7.72,Late
TR0223,T055,D003,R007,2026-07-07 09:01:31.421377,708,224.35,4.42,12.33,13.88,On Time
TR0224,T032,D028,R001,2026-04-01 09:01:31.422377,547,181.03,3.14,12.98,11.27,Late
TR0225,T093,D023,R003,2026-08-16 09:01:31.424378,396,156.96,3.27,8.15,7.23,Late
TR0226,T060,D020,R008,2025-09-21 09:01:31.426379,283,100.37,2.72,6.24,5.12,Late
TR0227,T089,D040,R004,2026-05-26 09:01:31.428377,341,90.27,2.36,5.75,5.77,On Time
TR0228,T018,D036,R007,2026-02-16 09:01:31.430311,706,251.57,5.55,13.72,12.56,Late
TR0229,T061,D022,R004,2026-05-13 09:01:31.432311,382,106.85,3.12,6.51,6.95,On Time
TR0230,T077,D015,R007,2026-03-15 09:01:31.434311,731,179.4,2.4,14.67,13.82,Late
TR0231,T073,D049,R008,2025-11-27 09:01:31.436312,271,103.3,2.5,5.36,5.09,Late
TR0232,T022,D032,R006,2025-11-22 09:01:31.438311,586,139.23,3.94,12.74,11.35,Late
TR0233,T066,D028,R003,2026-01-26 09:01:31.439311,388,94.23,3.07,7.9,7.49,Late
TR0234,T072,D043,R002,2026-05-09 09:01:31.441311,261,67.87,2.51,4.52,5.26,On Time
TR0235,T096,D011,R008,2026-08-15 09:01:31.443310,277,75.75,2.51,5.99,6.06,On Time
TR0236,T008,D011,R008,2026-04-23 09:01:31.444311,323,75.32,2.38,5.61,5.4,Late
TR0237,T099,D023,R007,2026-02-13 09:01:31.447574,684,169.66,3.89,12.7,11.46,Late
TR0238,T049,D007,R001,2025-10-02 09:01:31.448573,575,135.64,5.63,9.81,9.81,On Time
TR0239,T070,D020,R007,2025-12-15 09:01:31.450596,684,179.67,3.99,12.55,13.62,On Time
TR0240,T017,D039,R007,2026-04-17 09:01:31.452573,722,161.98,4.34,14.46,12.55,Late
TR0241,T093,D023,R002,2026-01-24 09:01:31.454574,266,79.44,2.21,4.94,5.25,On Time
TR0242,T036,D049,R003,2025-10-13 09:01:31.456574,372,85.03,2.8,5.96,6.66,On Time
TR0243,T099,D023,R008,2026-07-27 09:01:31.457573,323,75.69,2.56,6.66,7.14,On Time
TR0244,T058,D043,R004,2026-08-25 09:01:31.459572,372,96.77,2.66,6.07,6.4,On Time
TR0245,T030,D014,R004,2026-01-02 09:01:31.461573,368,125.4,3.63,5.54,6.35,On Time
TR0246,T030,D014,R001,2025-10-07 09:01:31.464204,599,138.25,5.09,12.07,11.17,Late
TR0247,T031,D031,R005,2026-02-17 09:01:31.466204,616,144.86,3.28,10.9,10.3,Late
TR0248,T008,D011,R001,2025-10-31 09:01:31.467203,582,132.36,4.56,12.15,10.0,Late
TR0249,T072,D043,R003,2026-03-05 09:01:31.469203,391,150.75,3.49,8.63,7.79,Late
TR0250,T041,D033,R006,2025-12-15 09:01:31.471204,610,183.04,3.88,12.92,12.91,Late
TR0251,T029,D003,R004,2026-08-18 09:01:31.473204,353,83.75,2.92,7.74,7.48,Late
TR0252,T054,D038,R001,2026-03-31 09:01:31.475232,582,163.48,4.44,10.9,11.45,On Time
TR0253,T058,D043,R003,2026-08-21 09:01:31.477204,414,127.69,2.51,9.23,7.81,Late
TR0254,T087,D015,R003,2025-11-20 09:01:31.479240,398,107.4,3.38,6.34,6.85,On Time
TR0255,T072,D043,R003,2026-09-09 09:01:31.480882,373,107.84,2.4,6.32,6.43,On Time
TR0256,T025,D034,R001,2026-05-15 09:01:31.483028,594,217.21,4.62,10.31,9.9,Late
TR0257,T091,D025,R004,2026-04-25 09:01:31.485028,347,105.37,2.62,6.99,7.14,On Time
TR0258,T069,D044,R006,2026-01-05 09:01:31.487028,607,188.6,3.85,13.09,12.41,Late
TR0259,T093,D023,R006,2026-04-09 09:01:31.488024,596,148.14,3.64,11.15,11.97,On Time
TR0260,T073,D049,R005,2025-11-21 09:01:31.490028,652,221.58,4.47,13.19,13.82,On Time
TR0261,T054,D038,R002,2026-05-14 09:01:31.492028,250,89.13,2.31,5.02,5.01,Late
TR0262,T084,D022,R008,2025-10-23 09:01:31.494028,324,83.73,2.7,7.81,6.63,Late
TR0263,T059,D003,R003,2025-12-11 09:01:31.495028,370,93.3,2.93,6.67,7.36,On Time
TR0264,T070,D020,R004,2026-08-09 09:01:31.498406,375,84.95,3.55,8.41,7.09,Late
TR0265,T086,D020,R005,2026-05-21 09:01:31.500403,600,148.93,2.29,13.91,11.72,Late
TR0266,T020,D033,R006,2025-10-25 09:01:31.501403,566,192.68,4.64,9.55,10.92,On Time
TR0267,T079,D040,R002,2025-12-08 09:01:31.503403,290,83.66,2.26,4.72,5.54,On Time
TR0268,T003,D018,R006,2026-01-02 09:01:31.505403,599,151.86,5.22,10.89,11.29,On Time
TR0269,T087,D015,R002,2026-07-29 09:01:31.507403,259,62.98,2.33,3.95,4.42,On Time
TR0270,T031,D031,R006,2026-02-25 09:01:31.508403,578,154.56,2.31,11.75,11.85,On Time
TR0271,T052,D041,R008,2025-10-01 09:01:31.510404,293,80.72,2.78,4.61,4.9,On Time
TR0272,T011,D050,R007,2026-02-21 09:01:31.512727,717,159.93,3.92,11.3,13.1,On Time
TR0273,T071,D029,R003,2026-01-04 09:01:31.514379,390,149.3,3.61,7.94,8.64,On Time
TR0274,T083,D025,R004,2025-12-20 09:01:31.516526,384,121.42,3.51,7.98,6.44,Late
TR0275,T030,D014,R006,2026-05-01 09:01:31.518523,579,134.57,2.18,11.25,10.45,Late
TR0276,T010,D025,R005,2026-08-31 09:01:31.520523,640,147.09,2.77,11.76,10.94,Late
TR0277,T041,D033,R006,2025-09-17 09:01:31.521523,567,128.2,5.25,12.13,10.54,Late
TR0278,T010,D025,R002,2026-03-01 09:01:31.523523,251,88.85,2.42,6.11,5.16,Late
TR0279,T070,D020,R006,2025-09-29 09:01:31.525523,587,179.64,4.87,12.2,10.46,Late
TR0280,T065,D046,R001,2026-08-09 09:01:31.527523,594,133.52,3.28,13.29,12.97,Late
TR0281,T099,D023,R003,2026-09-01 09:01:31.528523,399,90.48,3.2,9.08,7.83,Late
TR0282,T058,D043,R005,2026-06-13 09:01:31.530839,628,212.43,4.9,11.78,11.78,On Time
TR0283,T085,D050,R001,2026-08-10 09:01:31.532806,571,213.75,2.31,12.3,10.52,Late
TR0284,T020,D033,R005,2026-04-07 09:01:31.534805,621,158.28,3.54,13.05,11.39,Late
TR0285,T012,D018,R001,2026-07-26 09:01:31.535805,547,124.72,2.5,12.23,10.59,Late
TR0286,T024,D049,R008,2026-09-03 09:01:31.537806,291,85.65,2.08,5.53,5.46,Late
TR0287,T071,D029,R001,2026-09-10 09:01:31.539805,552,149.44,3.1,11.62,9.72,Late
TR0288,T050,D014,R001,2026-05-15 09:01:31.541805,596,223.27,4.16,12.35,10.19,Late
TR0289,T022,D032,R006,2026-01-07 09:01:31.542808,609,186.73,2.58,12.55,12.93,On Time
TR0290,T022,D032,R001,2026-03-16 09:01:31.544805,574,188.08,2.95,13.49,11.6,Late
TR0291,T032,D028,R007,2026-07-24 09:01:31.546812,722,192.53,2.69,12.43,13.39,On Time
TR0292,T001,D015,R004,2026-04-01 09:01:31.548805,394,119.71,2.72,6.85,6.84,Late
TR0293,T056,D050,R002,2026-04-16 09:01:31.550805,284,68.48,2.2,5.65,5.19,Late
TR0294,T089,D040,R008,2026-04-06 09:01:31.551805,276,79.81,2.27,5.84,5.79,Late
TR0295,T089,D040,R002,2026-03-08 09:01:31.553805,272,78.12,2.17,4.8,5.07,On Time
TR0296,T051,D041,R007,2025-12-11 09:01:31.555805,699,256.25,2.91,14.22,13.08,Late
TR0297,T099,D023,R007,2026-06-01 09:01:31.556805,711,278.41,4.22,15.61,12.72,Late
TR0298,T038,D030,R002,2026-02-19 09:01:31.558814,285,73.35,2.42,5.82,4.98,Late
TR0299,T018,D036,R005,2026-02-12 09:01:31.560806,637,205.11,5.37,11.91,13.06,On Time
TR0300,T010,D025,R001,2025-12-31 09:01:31.562999,575,128.31,5.48,11.13,11.02,Late
TR0301,T089,D040,R003,2025-12-16 09:01:31.565062,386,107.6,3.13,6.75,6.79,On Time
TR0302,T011,D050,R006,2025-10-20 09:01:31.566056,572,141.66,4.43,10.35,10.43,On Time
TR0303,T073,D049,R007,2026-02-08 09:01:31.568056,717,185.99,2.54,16.18,14.06,Late
TR0304,T013,D042,R007,2025-09-29 09:01:31.570056,692,235.05,4.91,13.21,12.31,Late
TR0305,T058,D043,R007,2026-01-03 09:01:31.572056,699,212.96,2.76,13.41,12.35,Late
TR0306,T004,D007,R005,2026-07-19 09:01:31.573056,627,231.44,5.55,15.11,12.24,Late
TR0307,T094,D016,R005,2025-12-24 09:01:31.575062,606,189.57,4.06,14.06,12.08,Late
TR0308,T061,D022,R006,2026-04-16 09:01:31.577079,572,169.41,2.18,10.09,10.32,On Time
TR0309,T091,D025,R004,2026-06-24 09:01:31.579063,341,133.98,3.53,6.08,6.8,On Time
TR0310,T095,D031,R001,2026-02-10 09:01:31.580097,562,159.12,5.61,10.36,10.55,On Time
TR0311,T030,D014,R006,2026-02-07 09:01:31.582173,617,186.4,3.57,14.29,12.92,Late
TR0312,T095,D031,R004,2026-09-14 09:01:31.584166,373,87.43,3.16,7.37,7.21,Late
TR0313,T027,D015,R008,2026-07-26 09:01:31.586166,281,70.17,2.75,4.31,4.92,On Time
TR0314,T069,D044,R002,2025-10-08 09:01:31.587166,243,75.2,2.53,4.54,5.07,On Time
TR0315,T068,D026,R003,2026-07-20 09:01:31.589166,400,127.93,2.66,7.93,7.87,Late
TR0316,T059,D003,R008,2025-11-06 09:01:31.591166,303,106.5,2.55,6.44,5.5,Late
TR0317,T087,D015,R008,2026-03-09 09:01:31.593169,272,87.0,2.65,5.02,5.6,On Time
TR0318,T066,D028,R007,2026-06-13 09:01:31.594172,700,209.8,4.46,14.92,14.87,Late
TR0319,T069,D044,R001,2026-06-23 09:01:31.596351,591,136.23,3.85,9.21,10.02,On Time
TR0320,T018,D036,R007,2026-03-17 09:01:31.598403,687,219.55,6.82,11.56,13.27,On Time
TR0321,T063,D007,R006,2025-10-17 09:01:31.599402,574,198.6,3.96,12.15,11.31,Late
TR0322,T088,D043,R006,2026-08-05 09:01:31.601402,597,179.21,4.24,10.83,10.36,Late
TR0323,T098,D007,R001,2026-06-22 09:01:31.603402,561,181.9,4.94,12.16,11.42,Late
TR0324,T073,D049,R005,2025-11-27 09:01:31.604402,644,159.21,2.49,12.95,12.28,Late
TR0325,T100,D027,R001,2026-08-26 09:01:31.606402,581,140.12,4.87,13.56,11.5,Late
TR0326,T057,D012,R001,2025-10-17 09:01:31.608409,581,197.82,4.83,12.94,11.31,Late
TR0327,T039,D013,R007,2026-08-03 09:01:31.610403,731,162.49,4.22,13.98,14.13,On Time
TR0328,T016,D049,R007,2025-09-29 09:01:31.612402,725,175.81,3.77,17.24,15.06,Late
TR0329,T091,D025,R005,2026-06-03 09:01:31.613455,636,168.9,5.47,12.13,13.39,On Time
TR0330,T008,D011,R007,2026-04-04 09:01:31.615542,712,222.39,6.95,15.42,14.47,Late
TR0331,T038,D030,R006,2025-10-04 09:01:31.617542,584,160.2,5.23,10.4,9.85,Late
TR0332,T018,D036,R007,2025-10-16 09:01:31.618542,724,177.83,2.64,15.36,12.32,Late
TR0333,T017,D039,R002,2025-10-05 09:01:31.620542,247,88.45,2.24,4.71,4.96,On Time
TR0334,T019,D008,R001,2026-08-09 09:01:31.622542,583,154.86,4.39,10.71,10.71,On Time
TR0335,T099,D023,R003,2026-03-12 09:01:31.624543,365,110.42,2.86,7.32,6.49,Late
TR0336,T063,D007,R002,2026-07-31 09:01:31.626543,252,68.78,2.45,5.16,4.34,Late
TR0337,T059,D003,R002,2025-12-17 09:01:31.627542,272,71.05,2.25,4.73,5.4,On Time
TR0338,T055,D003,R003,2026-03-28 09:01:31.630164,412,140.92,3.04,9.92,8.4,Late
TR0339,T017,D039,R005,2026-08-23 09:01:31.631330,633,150.54,2.2,13.45,11.14,Late
TR0340,T081,D018,R004,2026-06-28 09:01:31.633325,384,92.01,2.72,10.37,8.49,Late
TR0341,T001,D015,R004,2025-10-19 09:01:31.635325,361,124.28,2.5,5.89,6.52,On Time
TR0342,T036,D049,R007,2025-10-19 09:01:31.637325,681,178.78,2.84,13.95,13.97,On Time
TR0343,T051,D041,R006,2025-10-16 09:01:31.638325,606,194.79,2.36,10.3,10.92,On Time
TR0344,T013,D042,R005,2025-12-25 09:01:31.640351,597,203.97,4.9,14.06,12.93,Late
TR0345,T002,D029,R001,2026-02-12 09:01:31.642326,547,140.57,4.62,11.89,9.55,Late
TR0346,T062,D002,R001,2026-07-26 09:01:31.644326,551,186.28,3.18,13.94,11.89,Late
TR0347,T039,D013,R008,2025-10-23 09:01:31.645325,272,83.3,2.93,5.71,4.76,Late
TR0348,T019,D008,R007,2026-02-03 09:01:31.648250,680,190.96,3.78,16.73,15.07,Late
TR0349,T028,D001,R007,2026-02-02 09:01:31.649244,716,179.16,6.35,13.35,12.18,Late
TR0350,T012,D018,R005,2026-03-04 09:01:31.651243,654,242.14,3.5,12.62,11.62,Late
TR0351,T055,D003,R008,2026-05-12 09:01:31.653243,284,69.57,2.52,6.46,5.83,Late
TR0352,T077,D015,R006,2025-10-14 09:01:31.654243,612,164.73,5.47,12.16,10.8,Late
TR0353,T027,D015,R003,2025-10-21 09:01:31.656243,393,105.82,2.1,8.28,8.22,Late
TR0354,T031,D031,R002,2026-08-11 09:01:31.658243,263,80.38,2.33,5.98,5.41,Late
TR0355,T002,D029,R001,2025-11-29 09:01:31.659243,570,130.5,3.59,14.49,12.13,Late
TR0356,T070,D020,R007,2026-08-10 09:01:31.661248,719,252.68,2.08,17.19,13.81,Late
TR0357,T009,D039,R002,2026-02-25 09:01:31.664161,232,76.71,2.31,4.45,5.09,On Time
TR0358,T081,D018,R007,2026-08-05 09:01:31.665157,721,205.88,5.24,15.91,14.07,Late
TR0359,T069,D044,R006,2026-06-04 09:01:31.667157,605,215.66,5.86,11.53,13.08,On Time
TR0360,T020,D033,R007,2025-10-19 09:01:31.669157,710,225.15,5.45,15.25,13.2,Late
TR0361,T009,D039,R004,2026-08-18 09:01:31.670157,353,90.57,2.4,7.5,6.31,Late
TR0362,T056,D050,R006,2025-10-15 09:01:31.672157,573,168.2,4.93,10.31,10.59,On Time
TR0363,T016,D049,R005,2026-03-23 09:01:31.674157,597,152.46,4.23,9.84,10.75,On Time
TR0364,T093,D023,R002,2026-05-02 09:01:31.676157,248,87.51,2.45,6.15,5.29,Late
TR0365,T016,D049,R006,2025-12-22 09:01:31.678160,615,143.03,2.25,12.56,12.29,Late
TR0366,T092,D018,R008,2026-08-19 09:01:31.679162,300,79.89,2.47,6.03,5.72,Late
TR0367,T073,D049,R001,2025-11-27 09:01:31.681859,557,172.16,4.54,10.17,11.41,On Time
TR0368,T015,D038,R003,2026-09-10 09:01:31.682855,374,93.93,2.46,9.91,8.3,Late
TR0369,T061,D022,R005,2026-08-29 09:01:31.684854,620,189.84,4.36,16.04,13.12,Late
TR0370,T092,D018,R004,2026-04-06 09:01:31.686854,381,99.96,2.44,7.48,7.88,On Time
TR0371,T010,D025,R003,2026-06-17 09:01:31.688854,396,122.01,2.42,9.13,7.54,Late
TR0372,T067,D047,R008,2026-04-25 09:01:31.689854,266,60.34,2.73,5.99,5.78,Late
TR0373,T040,D004,R003,2026-04-20 09:01:31.691854,380,142.17,3.07,7.31,7.33,On Time
TR0374,T039,D013,R004,2026-01-07 09:01:31.693855,381,101.72,3.64,7.97,7.33,Late
TR0375,T100,D027,R008,2026-07-01 09:01:31.694854,276,69.61,2.01,6.06,5.19,Late
TR0376,T053,D008,R005,2026-09-12 09:01:31.697921,598,201.62,6.06,14.12,11.91,Late
TR0377,T001,D015,R006,2026-07-25 09:01:31.700056,614,160.96,2.81,12.13,10.63,Late
TR0378,T031,D031,R001,2025-09-17 09:01:31.702056,573,164.46,3.05,15.58,12.48,Late
TR0379,T006,D037,R003,2026-03-10 09:01:31.703056,418,141.08,2.87,7.36,7.25,Late
TR0380,T096,D011,R001,2026-02-27 09:01:31.705055,552,150.76,2.28,11.6,10.5,Late
TR0381,T073,D049,R008,2026-05-06 09:01:31.707055,267,79.23,2.8,4.24,4.49,On Time
TR0382,T051,D041,R001,2026-05-20 09:01:31.708055,591,141.94,2.28,12.22,11.85,Late
TR0383,T026,D026,R002,2026-06-24 09:01:31.710055,240,59.12,2.28,4.07,4.46,On Time
TR0384,T041,D033,R008,2026-01-28 09:01:31.712055,290,105.78,2.29,6.67,5.76,Late
TR0385,T034,D009,R006,2025-09-21 09:01:31.713546,620,226.29,4.76,14.72,13.09,Late
TR0386,T006,D037,R001,2026-05-12 09:01:31.715545,560,134.23,5.65,9.95,11.22,On Time
TR0387,T051,D041,R007,2026-06-19 09:01:31.717544,708,272.53,2.16,16.86,14.31,Late
TR0388,T052,D041,R003,2026-01-23 09:01:31.718544,414,121.61,2.19,6.99,7.36,On Time
TR0389,T018,D036,R001,2026-07-12 09:01:31.720544,554,219.5,2.75,11.98,9.64,Late
TR0390,T052,D041,R008,2025-11-20 09:01:31.722544,287,74.11,2.24,4.29,4.86,On Time
TR0391,T010,D025,R004,2026-07-13 09:01:31.724544,335,74.54,2.15,7.74,6.98,Late
TR0392,T043,D027,R001,2025-11-27 09:01:31.725544,554,214.28,3.63,9.79,10.67,On Time
TR0393,T093,D023,R003,2026-03-19 09:01:31.727544,385,110.24,2.41,7.75,7.59,Late
TR0394,T024,D049,R001,2025-11-03 09:01:31.729546,564,184.33,4.33,8.36,9.68,On Time
TR0395,T083,D025,R003,2026-08-03 09:01:31.731065,378,108.07,2.53,6.76,6.49,Late
TR0396,T018,D036,R008,2025-10-29 09:01:31.733064,290,100.04,2.93,5.28,4.98,Late
TR0397,T070,D020,R008,2026-01-14 09:01:31.735062,314,123.67,2.51,7.03,6.19,Late
TR0398,T063,D007,R001,2026-06-16 09:01:31.737061,569,131.55,2.1,10.89,10.83,Late
TR0399,T077,D015,R005,2026-01-18 09:01:31.739061,611,238.8,4.26,10.29,10.69,On Time
TR0400,T099,D023,R004,2025-10-15 09:01:31.740061,371,82.46,2.4,5.54,6.22,On Time
TR0401,T069,D044,R001,2026-05-27 09:01:31.742061,599,146.72,4.17,12.35,10.69,Late
TR0402,T050,D014,R007,2026-05-18 09:01:31.744061,698,159.71,5.0,10.72,11.66,On Time
TR0403,T095,D031,R008,2026-03-20 09:01:31.745061,308,95.72,2.89,6.47,5.72,Late
TR0404,T073,D049,R006,2026-01-07 09:01:31.748370,575,158.57,4.15,14.97,12.02,Late
TR0405,T023,D004,R002,2026-09-06 09:01:31.749943,263,102.1,2.33,6.26,5.74,Late
TR0406,T001,D015,R004,2026-06-18 09:01:31.751938,355,81.88,3.51,6.67,7.39,On Time
TR0407,T042,D026,R006,2026-07-22 09:01:31.752938,569,223.68,5.35,12.87,10.58,Late
TR0408,T047,D016,R003,2026-07-27 09:01:31.754938,364,112.1,2.64,6.21,6.16,Late
TR0409,T042,D026,R001,2025-10-24 09:01:31.756938,555,124.67,5.62,10.16,9.91,Late
TR0410,T084,D022,R001,2025-11-06 09:01:31.757938,567,199.06,4.97,10.73,9.52,Late
TR0411,T029,D003,R004,2025-09-29 09:01:31.759938,376,102.23,2.48,7.67,7.89,On Time
TR0412,T023,D004,R002,2025-11-30 09:01:31.761938,278,111.04,2.02,5.41,5.01,Late
TR0413,T078,D008,R007,2025-12-01 09:01:31.763564,696,160.29,2.53,10.97,11.69,On Time
TR0414,T064,D039,R008,2026-04-06 09:01:31.765579,273,86.33,2.16,5.84,5.91,On Time
TR0415,T012,D018,R007,2026-01-31 09:01:31.767560,728,185.81,2.06,16.07,13.34,Late
TR0416,T027,D015,R001,2026-09-16 09:01:31.769560,562,144.61,2.18,13.02,11.18,Late
TR0417,T057,D012,R003,2026-03-07 09:01:31.770560,406,121.58,2.67,8.68,8.55,Late
TR0418,T049,D007,R004,2025-09-30 09:01:31.772560,340,81.78,2.37,6.47,5.98,Late
TR0419,T058,D043,R008,2026-05-06 09:01:31.774560,268,65.39,2.89,5.05,5.89,On Time
TR0420,T010,D025,R004,2025-12-10 09:01:31.775560,355,124.99,3.54,8.01,7.01,Late
TR0421,T012,D018,R007,2026-09-01 09:01:31.777560,697,188.99,4.18,13.41,12.86,Late
TR0422,T084,D022,R002,2026-03-31 09:01:31.779053,242,65.15,2.13,4.1,4.7,On Time
TR0423,T025,D034,R001,2026-05-04 09:01:31.781133,573,147.13,4.49,11.72,10.26,Late
TR0424,T039,D013,R006,2026-01-08 09:01:31.783130,581,215.84,2.61,12.22,11.42,Late
TR0425,T047,D016,R003,2025-11-13 09:01:31.785130,360,107.3,2.91,8.12,7.28,Late
TR0426,T013,D042,R005,2026-01-17 09:01:31.787130,598,205.22,5.6,13.6,10.96,Late
TR0427,T040,D004,R003,2026-08-01 09:01:31.788130,410,124.43,3.22,8.73,7.83,Late
TR0428,T050,D014,R004,2026-08-25 09:01:31.790129,345,106.41,2.43,6.29,6.8,On Time
TR0429,T060,D020,R002,2025-09-25 09:01:31.792129,248,84.0,2.41,4.43,5.06,On Time
TR0430,T011,D050,R002,2025-11-19 09:01:31.794129,274,85.96,2.14,6.39,5.16,Late
TR0431,T008,D011,R007,2025-09-30 09:01:31.796098,729,222.65,6.39,17.06,13.8,Late
TR0432,T061,D022,R008,2026-08-30 09:01:31.798109,300,70.37,2.47,5.07,5.75,On Time
TR0433,T067,D047,R006,2026-01-30 09:01:31.799108,617,169.37,2.68,9.39,10.33,On Time
TR0434,T022,D032,R001,2025-10-02 09:01:31.801108,560,136.02,3.64,12.17,11.94,Late
TR0435,T081,D018,R003,2026-08-13 09:01:31.803108,369,88.53,2.17,9.17,7.55,Late
TR0436,T072,D043,R007,2026-09-10 09:01:31.804108,701,194.5,5.98,12.82,12.12,Late
TR0437,T080,D017,R003,2026-07-03 09:01:31.806108,397,111.98,3.08,7.86,7.74,Late
TR0438,T075,D027,R008,2026-07-27 09:01:31.808108,312,70.43,2.74,5.99,6.71,On Time
TR0439,T069,D044,R007,2026-01-11 09:01:31.810108,732,229.63,4.89,14.36,14.31,Late
TR0440,T061,D022,R005,2025-10-03 09:01:31.812112,599,210.59,4.96,12.87,11.73,Late
TR0441,T005,D035,R006,2026-01-16 09:01:31.813640,591,138.11,5.65,11.18,11.83,On Time
TR0442,T048,D043,R002,2026-01-08 09:01:31.815636,233,73.37,2.53,3.99,4.09,On Time
TR0443,T088,D043,R005,2026-02-02 09:01:31.816635,603,135.66,5.31,12.08,12.45,On Time
TR0444,T042,D026,R001,2026-02-02 09:01:31.818635,564,142.51,2.8,9.24,10.43,On Time
TR0445,T053,D008,R001,2026-08-19 09:01:31.820635,594,171.23,3.94,11.26,11.26,On Time
TR0446,T021,D010,R008,2025-12-22 09:01:31.821635,268,85.84,2.83,4.6,5.09,On Time
TR0447,T004,D007,R006,2026-05-12 09:01:31.823635,577,199.96,2.13,11.9,10.04,Late
TR0448,T007,D006,R006,2026-01-22 09:01:31.825635,624,193.74,4.0,12.97,13.0,On Time
TR0449,T082,D022,R004,2025-11-16 09:01:31.827640,393,143.03,2.73,8.64,8.65,On Time
TR0450,T061,D022,R006,2026-05-07 09:01:31.829140,603,167.38,4.97,14.24,12.02,Late
TR0451,T089,D040,R006,2025-11-28 09:01:31.831220,571,185.99,5.09,10.29,11.24,On Time
TR0452,T028,D001,R004,2025-10-18 09:01:31.832219,388,131.85,2.67,7.48,8.02,On Time
TR0453,T003,D018,R008,2026-07-11 09:01:31.834219,319,78.56,2.61,4.81,5.64,On Time
TR0454,T077,D015,R007,2026-04-13 09:01:31.836219,727,288.84,5.61,17.46,14.9,Late
TR0455,T091,D025,R003,2026-01-24 09:01:31.838219,401,131.44,2.48,8.17,6.86,Late
TR0456,T060,D020,R008,2026-07-26 09:01:31.839219,283,73.42,2.01,4.97,4.93,Late
TR0457,T085,D050,R004,2026-04-25 09:01:31.841219,387,92.61,2.49,7.87,7.24,Late
TR0458,T014,D009,R005,2026-04-28 09:01:31.843223,627,238.61,3.12,11.59,10.48,Late
TR0459,T092,D018,R001,2026-05-16 09:01:31.845219,607,141.67,5.39,11.17,12.27,On Time
TR0460,T077,D015,R002,2025-10-16 09:01:31.846769,257,67.26,2.31,5.29,4.65,Late
TR0461,T038,D030,R007,2025-11-22 09:01:31.848948,692,160.41,5.58,15.51,13.55,Late
TR0462,T074,D002,R001,2025-12-17 09:01:31.850947,599,208.0,4.41,10.07,10.72,On Time
TR0463,T061,D022,R007,2026-06-21 09:01:31.851947,734,167.53,6.25,14.13,14.57,On Time
TR0464,T072,D043,R001,2025-12-04 09:01:31.853947,558,180.72,4.88,12.29,10.72,Late
TR0465,T024,D049,R007,2026-03-19 09:01:31.855947,736,190.7,3.13,13.03,14.71,On Time
TR0466,T040,D004,R005,2026-04-19 09:01:31.856947,623,152.84,3.98,11.9,12.47,On Time
TR0467,T016,D049,R002,2025-11-03 09:01:31.858947,262,100.49,2.04,5.21,4.81,Late
TR0468,T025,D034,R008,2026-02-17 09:01:31.860947,296,108.04,2.05,5.69,5.36,Late
TR0469,T020,D033,R002,2026-01-25 09:01:31.862803,240,53.52,2.09,5.96,4.79,Late
TR0470,T092,D018,R007,2026-06-18 09:01:31.864880,687,169.3,3.59,14.47,13.13,Late
TR0471,T008,D011,R007,2025-11-25 09:01:31.866878,676,198.58,5.87,16.28,14.04,Late
TR0472,T063,D007,R002,2025-10-27 09:01:31.868878,282,70.02,2.27,6.67,6.09,Late
TR0473,T055,D003,R005,2026-03-09 09:01:31.870889,627,191.94,6.06,12.79,13.76,On Time
TR0474,T042,D026,R006,2025-10-31 09:01:31.872888,614,147.37,4.91,14.38,12.83,Late
TR0475,T029,D003,R003,2026-01-02 09:01:31.873883,404,94.97,3.12,7.24,8.13,On Time
TR0476,T022,D032,R006,2025-12-24 09:01:31.875878,570,137.43,4.36,11.13,11.52,On Time
TR0477,T044,D017,R002,2026-01-09 09:01:31.877878,259,60.57,2.22,4.26,4.32,On Time
TR0478,T025,D034,R007,2026-05-23 09:01:31.879554,686,156.04,3.14,11.8,11.67,Late
TR0479,T017,D039,R001,2026-03-13 09:01:31.881608,560,141.12,4.68,9.54,10.4,On Time
TR0480,T005,D035,R004,2026-08-23 09:01:31.883607,358,84.17,2.97,7.8,7.33,Late
TR0481,T007,D006,R008,2026-07-19 09:01:31.885607,306,112.66,2.39,4.62,5.32,On Time
TR0482,T049,D007,R006,2025-09-26 09:01:31.886607,573,159.41,4.72,10.01,10.99,On Time
TR0483,T002,D029,R001,2025-11-02 09:01:31.888607,566,169.37,4.28,12.88,12.17,Late
TR0484,T018,D036,R003,2026-07-18 09:01:31.890607,386,92.76,2.54,9.43,8.29,Late
TR0485,T014,D009,R006,2025-12-23 09:01:31.891607,597,206.05,5.85,11.88,12.44,On Time
TR0486,T046,D035,R008,2026-06-02 09:01:31.893607,309,93.09,2.65,6.97,6.52,Late
TR0487,T062,D002,R003,2026-07-22 09:01:31.896124,381,128.33,3.59,7.47,8.43,On Time
TR0488,T086,D020,R007,2026-07-27 09:01:31.898195,707,252.65,6.58,16.08,15.25,Late
TR0489,T083,D025,R003,2026-08-22 09:01:31.899194,374,109.56,2.19,5.99,6.27,On Time
TR0490,T023,D004,R004,2026-04-09 09:01:31.901194,389,150.84,2.7,9.22,7.88,Late
TR0491,T015,D038,R004,2026-07-08 09:01:31.903194,340,80.9,3.09,4.98,5.83,On Time
TR0492,T022,D032,R007,2026-07-31 09:01:31.904194,697,216.79,3.89,14.85,13.52,Late
TR0493,T044,D017,R001,2026-03-03 09:01:31.906195,558,204.57,4.6,11.3,10.94,Late
TR0494,T062,D002,R005,2026-07-11 09:01:31.908194,648,193.81,4.97,10.19,11.12,On Time
TR0495,T008,D011,R008,2026-01-12 09:01:31.910239,324,77.35,2.75,8.45,6.96,Late
TR0496,T087,D015,R001,2026-09-02 09:01:31.912194,575,200.87,5.25,11.27,11.34,On Time
TR0497,T094,D016,R008,2026-02-18 09:01:31.913762,321,116.25,2.41,4.89,5.46,On Time
TR0498,T009,D039,R003,2025-12-22 09:01:31.915759,376,98.69,3.46,9.96,8.32,Late
TR0499,T074,D002,R006,2026-03-27 09:01:31.916759,612,168.59,4.06,11.47,10.26,Late
TR0500,T089,D040,R008,2026-01-13 09:01:31.918759,308,82.43,2.33,6.82,5.98,Late
TR0501,T087,D015,R006,2025-11-07 09:01:31.920759,607,185.64,2.22,11.31,10.54,Late
TR0502,T083,D025,R006,2026-06-24 09:01:31.922759,625,222.12,2.3,12.9,10.83,Late
TR0503,T063,D007,R001,2026-05-25 09:01:31.923759,567,190.15,4.08,8.28,9.52,On Time
TR0504,T049,D007,R005,2025-11-27 09:01:31.925761,622,150.45,3.91,13.84,13.47,Late
TR0505,T064,D039,R006,2026-09-07 09:01:31.927759,594,189.65,2.41,11.42,9.95,Late
TR0506,T053,D008,R005,2025-11-11 09:01:31.929242,599,165.73,6.11,11.8,13.31,On Time
TR0507,T082,D022,R003,2026-01-26 09:01:31.931325,379,88.55,3.81,7.88,7.09,Late
TR0508,T047,D016,R005,2025-12-04 09:01:31.933326,649,248.8,5.28,13.85,13.42,Late
TR0509,T077,D015,R004,2026-07-29 09:01:31.934326,364,92.54,3.25,7.44,7.22,Late
TR0510,T029,D003,R003,2026-04-20 09:01:31.936325,360,113.11,3.04,7.75,6.27,Late
TR0511,T048,D043,R006,2026-02-19 09:01:31.938325,610,224.87,2.42,10.93,10.44,Late
TR0512,T079,D040,R005,2026-01-25 09:01:31.940325,609,211.82,5.52,10.4,10.33,Late
TR0513,T025,D034,R006,2025-10-27 09:01:31.942326,611,192.39,5.32,9.42,10.84,On Time
TR0514,T076,D016,R008,2026-01-01 09:01:31.944325,271,67.01,2.13,5.83,5.24,Late
TR0515,T064,D039,R004,2025-11-21 09:01:31.945834,334,93.8,2.79,8.94,7.3,Late
TR0516,T066,D028,R004,2026-07-13 09:01:31.947908,383,88.2,2.17,8.69,8.04,Late
TR0517,T085,D050,R008,2026-02-14 09:01:31.948908,302,81.35,2.92,7.29,6.06,Late
TR0518,T089,D040,R006,2026-04-19 09:01:31.950912,614,204.91,3.79,11.9,12.05,On Time
TR0519,T018,D036,R001,2026-04-16 09:01:31.952912,555,166.89,5.18,11.49,10.0,Late
TR0520,T071,D029,R002,2026-05-28 09:01:31.954908,287,91.76,2.12,5.49,5.12,Late
TR0521,T080,D017,R005,2025-09-18 09:01:31.956923,642,208.36,4.78,14.31,12.79,Late
TR0522,T023,D004,R002,2026-03-20 09:01:31.958920,264,73.64,2.35,5.49,4.84,Late
TR0523,T075,D027,R002,2025-12-17 09:01:31.960922,268,61.11,2.18,5.4,4.82,Late
TR0524,T055,D003,R006,2026-08-20 09:01:31.962766,617,244.3,4.65,13.27,13.24,Late
TR0525,T026,D026,R002,2026-05-11 09:01:31.963889,249,62.24,2.09,5.06,5.25,On Time
TR0526,T008,D011,R003,2026-03-17 09:01:31.965887,404,99.29,3.55,8.97,8.41,Late
TR0527,T014,D009,R002,2025-10-20 09:01:31.967887,271,63.97,2.35,5.78,4.83,Late
TR0528,T031,D031,R004,2025-10-11 09:01:31.969887,366,89.96,2.08,6.2,6.42,On Time
TR0529,T049,D007,R007,2025-12-08 09:01:31.971887,700,210.01,2.27,13.85,12.32,Late
TR0530,T096,D011,R002,2026-02-02 09:01:31.973888,248,85.34,2.51,5.1,4.27,Late
TR0531,T082,D022,R007,2025-11-12 09:01:31.974887,721,183.97,2.99,15.49,14.27,Late
TR0532,T093,D023,R006,2026-06-13 09:01:31.976889,578,187.15,5.81,13.62,12.13,Late
TR0533,T095,D031,R005,2026-05-04 09:01:31.979204,629,229.67,2.56,13.26,13.79,On Time
TR0534,T075,D027,R003,2026-06-29 09:01:31.980855,414,137.54,2.08,9.4,8.29,Late
TR0535,T042,D026,R006,2025-10-13 09:01:31.981855,604,232.15,3.19,11.23,10.24,Late
TR0536,T074,D002,R005,2026-05-27 09:01:31.983853,632,196.51,6.09,10.88,11.13,On Time
TR0537,T067,D047,R002,2026-02-22 09:01:31.985852,236,57.95,2.06,5.31,4.98,Late
TR0538,T029,D003,R002,2026-05-28 09:01:31.987848,288,98.4,2.59,5.73,5.76,On Time
TR0539,T080,D017,R003,2025-10-19 09:01:31.989847,393,113.92,2.02,8.47,7.36,Late
TR0540,T086,D020,R006,2025-11-02 09:01:31.990845,588,173.38,2.97,11.0,10.04,Late
TR0541,T006,D037,R002,2026-07-20 09:01:31.992854,275,64.38,2.24,6.33,5.42,Late
TR0542,T070,D020,R001,2026-03-09 09:01:31.994855,593,193.43,3.94,11.92,10.11,Late
TR0543,T066,D028,R007,2026-04-05 09:01:31.996698,704,202.67,4.6,15.82,14.24,Late
TR0544,T013,D042,R004,2025-10-31 09:01:31.998791,344,77.42,2.11,6.46,6.08,Late
TR0545,T086,D020,R001,2026-07-25 09:01:32.000781,587,145.04,2.78,10.33,10.13,Late
TR0546,T090,D042,R008,2026-08-11 09:01:32.002783,320,71.87,2.7,6.26,5.65,Late
TR0547,T020,D033,R002,2026-08-20 09:01:32.004788,233,68.16,2.11,4.12,4.66,On Time
TR0548,T033,D026,R008,2026-02-20 09:01:32.005784,299,113.22,2.36,6.34,5.22,Late
TR0549,T081,D018,R003,2025-12-17 09:01:32.007791,385,114.38,2.01,9.53,8.51,Late
TR0550,T093,D023,R007,2026-08-10 09:01:32.009791,715,272.23,3.81,11.04,12.72,On Time
TR0551,T065,D046,R002,2026-04-25 09:01:32.011782,238,77.28,2.47,4.7,4.3,Late
TR0552,T057,D012,R004,2025-12-17 09:01:32.013475,358,108.81,2.36,6.78,6.52,Late
TR0553,T096,D011,R004,2025-10-27 09:01:32.014532,359,87.7,2.24,6.02,6.22,On Time
TR0554,T087,D015,R003,2026-03-09 09:01:32.016525,416,96.11,3.82,8.35,7.31,Late
TR0555,T002,D029,R003,2025-11-27 09:01:32.018525,395,92.95,3.13,7.26,8.38,On Time
TR0556,T069,D044,R002,2026-03-24 09:01:32.020527,267,60.77,2.13,6.19,5.39,Late
TR0557,T083,D025,R003,2026-05-10 09:01:32.021525,414,117.44,2.37,8.19,8.73,On Time
TR0558,T024,D049,R001,2025-12-09 09:01:32.023526,589,143.68,3.74,12.13,10.19,Late
TR0559,T071,D029,R003,2025-11-23 09:01:32.025526,364,118.13,2.93,7.03,7.91,On Time
TR0560,T043,D027,R004,2025-11-03 09:01:32.027525,356,129.15,2.11,5.78,6.49,On Time
TR0561,T025,D034,R007,2025-09-26 09:01:32.028525,696,200.48,4.96,15.53,13.94,Late
TR0562,T073,D049,R005,2026-09-14 09:01:32.030135,633,196.04,3.34,12.99,12.72,Late
TR0563,T029,D003,R001,2026-07-10 09:01:32.032215,592,148.76,4.56,13.63,11.49,Late
TR0564,T043,D027,R008,2026-01-10 09:01:32.034215,320,92.49,2.52,7.18,6.19,Late
TR0565,T023,D004,R003,2026-07-07 09:01:32.036220,401,107.99,3.69,8.31,6.96,Late
TR0566,T026,D026,R003,2026-09-07 09:01:32.038262,376,94.78,3.61,7.88,6.91,Late
TR0567,T081,D018,R007,2026-05-31 09:01:32.040221,677,164.11,6.59,14.6,12.61,Late
TR0568,T071,D029,R001,2026-07-02 09:01:32.042224,563,156.96,3.38,9.75,9.39,Late
TR0569,T029,D003,R002,2026-01-22 09:01:32.044225,289,71.46,2.31,4.99,5.16,On Time
TR0570,T012,D018,R004,2025-11-06 09:01:32.045225,359,111.22,3.12,7.52,7.95,On Time
TR0571,T097,D037,R005,2025-12-01 09:01:32.047146,629,226.2,4.82,14.29,13.27,Late
TR0572,T019,D008,R008,2026-01-10 09:01:32.049291,311,78.46,2.22,4.56,5.26,On Time
TR0573,T034,D009,R007,2026-03-16 09:01:32.051286,699,235.51,3.96,13.43,12.7,Late
TR0574,T059,D003,R004,2025-09-21 09:01:32.054292,390,150.41,3.59,6.4,6.53,On Time
TR0575,T082,D022,R008,2025-11-29 09:01:32.058293,317,104.04,2.16,6.11,5.65,Late
TR0576,T084,D022,R008,2025-12-26 09:01:32.060289,288,89.15,2.24,6.23,5.26,Late
TR0577,T029,D003,R005,2026-01-13 09:01:32.061292,630,190.24,5.79,10.87,11.0,On Time
TR0578,T001,D015,R001,2025-12-27 09:01:32.064374,579,135.79,4.43,10.57,11.22,On Time
TR0579,T028,D001,R007,2026-07-18 09:01:32.066374,685,238.36,5.35,15.44,13.58,Late
TR0580,T054,D038,R006,2026-01-14 09:01:32.068365,617,195.23,2.83,14.8,13.21,Late
TR0581,T021,D010,R005,2025-11-27 09:01:32.070373,638,153.12,4.53,12.2,14.07,On Time
TR0582,T018,D036,R006,2026-06-23 09:01:32.072373,606,171.9,3.02,9.43,10.38,On Time
TR0583,T024,D049,R002,2026-09-07 09:01:32.074369,265,60.0,2.54,5.28,4.91,Late
TR0584,T094,D016,R007,2025-11-10 09:01:32.076374,718,173.32,7.02,11.36,12.13,On Time
TR0585,T062,D002,R004,2025-11-22 09:01:32.078374,344,117.06,3.35,6.1,6.72,On Time
TR0586,T024,D049,R002,2026-03-25 09:01:32.080373,271,70.96,2.57,6.3,5.53,Late
TR0587,T077,D015,R002,2026-09-08 09:01:32.081374,269,101.98,2.13,4.79,5.31,On Time
TR0588,T065,D046,R006,2026-01-16 09:01:32.083374,609,182.36,5.57,11.45,12.89,On Time
TR0589,T077,D015,R007,2026-07-31 09:01:32.085374,678,159.32,4.44,14.73,12.8,Late
TR0590,T017,D039,R004,2025-10-04 09:01:32.087404,391,105.48,3.06,8.23,6.81,Late
TR0591,T067,D047,R003,2026-05-22 09:01:32.089374,386,119.11,3.78,8.98,8.46,Late
TR0592,T062,D002,R004,2025-09-25 09:01:32.091374,384,95.11,2.94,8.95,7.64,Late
TR0593,T055,D003,R008,2026-08-05 09:01:32.093374,272,90.39,2.27,5.85,4.82,Late
TR0594,T070,D020,R007,2026-09-13 09:01:32.094373,702,232.79,4.92,17.87,15.57,Late
TR0595,T016,D049,R007,2026-04-08 09:01:32.096373,709,281.98,4.07,14.55,12.93,Late
TR0596,T014,D009,R003,2025-12-16 09:01:32.098350,369,110.08,2.8,6.55,6.86,On Time
TR0597,T047,D016,R002,2026-02-17 09:01:32.100350,271,88.82,2.34,5.66,4.91,Late
TR0598,T072,D043,R007,2026-04-12 09:01:32.102350,706,247.07,4.92,13.8,13.22,Late
TR0599,T100,D027,R002,2026-07-18 09:01:32.104351,277,84.03,2.46,7.03,5.88,Late
TR0600,T058,D043,R002,2026-02-23 09:01:32.105351,282,72.33,2.49,5.57,5.95,On Time
TR0601,T071,D029,R002,2025-10-26 09:01:32.107350,271,69.59,2.0,4.45,4.87,On Time
TR0602,T012,D018,R003,2026-08-15 09:01:32.109351,412,147.64,2.5,7.17,7.0,Late
TR0603,T048,D043,R008,2026-02-23 09:01:32.111351,269,72.35,2.58,5.88,4.81,Late
TR0604,T067,D047,R005,2026-06-19 09:01:32.113290,615,156.76,4.73,14.0,11.4,Late
TR0605,T057,D012,R007,2026-04-23 09:01:32.114386,676,232.83,2.99,14.43,12.32,Late
TR0606,T077,D015,R008,2026-08-29 09:01:32.117372,296,83.81,2.34,5.61,6.11,On Time
TR0607,T084,D022,R003,2026-02-24 09:01:32.119372,360,80.88,2.67,7.46,7.77,On Time
TR0608,T051,D041,R005,2026-08-12 09:01:32.122371,622,169.38,5.92,13.5,11.79,Late
TR0609,T071,D029,R006,2026-03-23 09:01:32.124374,584,147.76,5.81,11.85,10.94,Late
TR0610,T036,D049,R001,2025-11-26 09:01:32.127377,561,151.1,2.02,14.31,11.71,Late
TR0611,T023,D004,R006,2026-03-26 09:01:32.129376,592,168.54,5.75,11.66,11.09,Late
TR0612,T066,D028,R005,2025-09-26 09:01:32.132548,613,144.16,3.89,11.58,10.72,Late
TR0613,T049,D007,R003,2026-01-25 09:01:32.134549,396,114.21,3.3,8.02,8.14,On Time
TR0614,T076,D016,R001,2025-10-27 09:01:32.136547,602,235.64,4.97,11.3,12.88,On Time
TR0615,T029,D003,R004,2026-03-20 09:01:32.138545,377,96.61,2.85,6.71,6.61,Late
TR0616,T002,D029,R003,2025-10-07 09:01:32.140549,404,97.01,3.42,7.35,8.29,On Time
TR0617,T044,D017,R002,2026-05-28 09:01:32.141546,236,65.39,2.55,4.83,4.95,On Time
TR0618,T035,D029,R008,2026-01-04 09:01:32.143551,275,62.58,2.69,6.05,4.98,Late
TR0619,T031,D031,R001,2026-05-12 09:01:32.146517,594,199.05,5.15,11.42,12.13,On Time
TR0620,T046,D035,R002,2025-10-12 09:01:32.148598,241,59.39,2.31,4.54,5.15,On Time
TR0621,T001,D015,R003,2026-03-10 09:01:32.150598,408,96.82,3.18,8.17,6.87,Late
TR0622,T064,D039,R002,2026-01-08 09:01:32.152596,289,64.64,2.11,5.92,4.94,Late
TR0623,T098,D007,R008,2026-07-13 09:01:32.154596,322,91.42,2.05,7.27,6.32,Late
TR0624,T055,D003,R003,2025-09-30 09:01:32.156596,390,89.06,3.47,8.48,8.57,On Time
TR0625,T059,D003,R002,2026-09-10 09:01:32.157593,239,61.34,2.42,5.18,4.6,Late
TR0626,T049,D007,R006,2026-06-13 09:01:32.159596,603,223.21,4.17,14.29,11.96,Late
TR0627,T031,D031,R004,2026-01-04 09:01:32.161596,351,101.96,2.7,6.46,6.48,On Time
TR0628,T054,D038,R006,2026-01-29 09:01:32.163466,610,152.33,2.71,12.2,12.08,Late
TR0629,T017,D039,R006,2026-05-19 09:01:32.165679,602,155.47,4.2,11.98,10.52,Late
TR0630,T049,D007,R002,2026-09-12 09:01:32.166678,244,87.4,2.11,3.74,4.11,On Time
TR0631,T064,D039,R007,2026-04-08 09:01:32.168679,684,152.3,5.97,12.52,11.85,Late
TR0632,T039,D013,R006,2025-09-28 09:01:32.170679,582,160.58,2.65,10.97,10.87,Late
TR0633,T028,D001,R006,2026-03-29 09:01:32.172678,618,205.41,3.03,9.53,10.73,On Time
TR0634,T047,D016,R003,2026-02-18 09:01:32.173680,395,109.27,2.23,6.82,6.91,On Time
TR0635,T087,D015,R003,2026-06-19 09:01:32.175679,398,137.34,3.86,8.23,7.42,Late
TR0636,T037,D026,R002,2026-01-31 09:01:32.177679,254,80.63,2.55,5.59,4.82,Late
TR0637,T049,D007,R006,2026-06-23 09:01:32.179679,605,196.87,4.54,10.09,11.11,On Time
TR0638,T044,D017,R001,2026-08-11 09:01:32.180822,573,152.29,2.3,12.73,10.7,Late
TR0639,T044,D017,R002,2025-11-11 09:01:32.182843,246,78.67,2.4,5.09,4.49,Late
TR0640,T035,D029,R005,2025-11-20 09:01:32.184819,653,192.64,4.22,11.22,11.27,On Time
TR0641,T058,D043,R001,2026-05-19 09:01:32.186819,573,202.14,4.5,8.92,9.91,On Time
TR0642,T096,D011,R005,2026-07-30 09:01:32.188818,641,160.27,2.27,13.43,13.31,Late
TR0643,T061,D022,R005,2026-08-05 09:01:32.189817,632,242.36,2.44,11.84,11.17,Late
TR0644,T080,D017,R003,2026-05-22 09:01:32.191819,369,138.27,2.47,6.3,6.26,Late
TR0645,T037,D026,R005,2026-09-02 09:01:32.193819,625,166.54,2.15,15.78,13.31,Late
TR0646,T046,D035,R001,2025-12-14 09:01:32.195819,602,139.01,5.52,10.77,10.39,Late
TR0647,T071,D029,R007,2025-11-18 09:01:32.197633,704,254.13,5.02,12.67,11.89,Late
TR0648,T081,D018,R006,2025-10-24 09:01:32.199630,613,162.53,4.11,12.15,11.47,Late
TR0649,T045,D021,R006,2026-03-13 09:01:32.200631,596,166.51,3.63,10.72,10.44,Late
TR0650,T020,D033,R006,2026-07-09 09:01:32.202635,585,232.04,3.36,12.77,11.07,Late
TR0651,T061,D022,R004,2026-01-15 09:01:32.204636,368,146.23,2.49,7.69,6.26,Late
TR0652,T099,D023,R001,2025-12-10 09:01:32.206633,574,140.14,3.41,12.44,10.64,Late
TR0653,T053,D008,R006,2025-10-21 09:01:32.207633,622,171.77,3.54,11.18,12.21,On Time
TR0654,T049,D007,R007,2025-11-07 09:01:32.209632,690,228.03,6.09,12.71,13.44,On Time
TR0655,T088,D043,R003,2026-02-17 09:01:32.211634,377,122.83,2.36,7.87,6.71,Late
TR0656,T009,D039,R007,2026-01-28 09:01:32.213484,687,247.72,3.38,15.2,14.73,Late
TR0657,T080,D017,R002,2025-12-17 09:01:32.215549,263,91.46,2.01,5.05,5.81,On Time
TR0658,T014,D009,R002,2026-05-20 09:01:32.217550,250,82.28,2.06,5.12,4.49,Late
TR0659,T002,D029,R003,2026-01-04 09:01:32.218548,391,133.25,3.9,8.87,7.62,Late
TR0660,T060,D020,R005,2026-07-04 09:01:32.220552,641,157.0,2.24,15.23,12.83,Late
TR0661,T100,D027,R004,2026-05-11 09:01:32.222550,359,135.84,3.34,6.4,6.9,On Time
TR0662,T002,D029,R001,2026-02-02 09:01:32.223550,554,124.52,2.93,9.98,9.94,Late
TR0663,T005,D035,R008,2026-06-02 09:01:32.225550,276,80.66,2.44,5.17,4.88,Late
TR0664,T088,D043,R002,2025-12-09 09:01:32.227549,251,57.41,2.32,6.05,5.3,Late
TR0665,T033,D026,R001,2025-10-10 09:01:32.229550,577,152.77,2.82,14.5,12.03,Late
TR0666,T015,D038,R007,2026-04-28 09:01:32.231293,691,183.49,4.96,12.71,13.86,On Time
TR0667,T051,D041,R005,2025-09-28 09:01:32.233294,647,216.66,4.03,11.77,10.87,Late
TR0668,T077,D015,R001,2026-08-01 09:01:32.234294,556,171.46,4.59,10.96,12.0,On Time
TR0669,T044,D017,R006,2026-03-18 09:01:32.236295,625,140.79,4.55,9.68,11.08,On Time
TR0670,T090,D042,R001,2025-12-05 09:01:32.238294,581,142.3,4.97,11.68,12.39,On Time
TR0671,T097,D037,R008,2025-09-29 09:01:32.239293,286,69.57,2.36,5.14,5.54,On Time
TR0672,T093,D023,R006,2025-12-04 09:01:32.242304,574,191.24,3.17,14.26,12.59,Late
TR0673,T090,D042,R007,2026-01-20 09:01:32.244295,707,245.52,3.39,14.63,14.79,On Time
TR0674,T077,D015,R008,2026-01-29 09:01:32.245295,322,76.28,2.28,7.21,6.79,Late
TR0675,T034,D009,R001,2026-03-06 09:01:32.246972,581,179.64,4.77,14.27,12.91,Late
TR0676,T003,D018,R002,2026-08-15 09:01:32.249037,271,64.31,2.41,4.52,4.78,On Time
TR0677,T069,D044,R007,2025-12-08 09:01:32.251059,728,222.29,2.78,14.45,13.77,Late
TR0678,T037,D026,R004,2025-10-14 09:01:32.253036,354,106.64,2.11,6.31,7.1,On Time
TR0679,T017,D039,R005,2026-07-28 09:01:32.254037,608,143.16,2.14,13.22,12.66,Late
TR0680,T083,D025,R008,2025-11-18 09:01:32.256039,317,96.73,2.24,6.66,6.06,Late
TR0681,T047,D016,R007,2026-06-02 09:01:32.258050,690,185.89,5.32,18.31,14.98,Late
TR0682,T011,D050,R008,2026-02-16 09:01:32.260078,293,71.43,2.77,6.85,6.38,Late
TR0683,T091,D025,R004,2026-08-11 09:01:32.262797,337,81.26,3.37,5.96,6.88,On Time
TR0684,T010,D025,R003,2026-05-21 09:01:32.263902,420,143.26,3.01,7.09,7.96,On Time
TR0685,T025,D034,R006,2026-06-17 09:01:32.265899,578,162.71,4.21,13.05,11.86,Late
TR0686,T072,D043,R007,2025-10-06 09:01:32.267899,702,175.84,4.32,13.43,12.43,Late
TR0687,T086,D020,R001,2026-02-23 09:01:32.268898,574,134.56,3.9,11.14,12.08,On Time
TR0688,T085,D050,R006,2026-04-08 09:01:32.270899,576,161.44,4.18,13.05,10.67,Late
TR0689,T042,D026,R005,2026-04-04 09:01:32.272898,651,200.71,4.6,11.79,11.53,Late
TR0690,T073,D049,R006,2026-05-09 09:01:32.274899,600,204.93,3.43,12.96,10.62,Late
TR0691,T058,D043,R006,2026-04-24 09:01:32.276899,594,134.4,4.36,11.4,13.2,On Time
TR0692,T067,D047,R004,2026-05-26 09:01:32.277900,342,76.22,2.35,6.7,6.91,On Time
TR0693,T041,D033,R008,2025-12-07 09:01:32.279700,265,65.54,2.48,5.28,4.48,Late
TR0694,T074,D002,R004,2026-06-29 09:01:32.281780,393,107.87,2.23,8.76,8.47,Late
TR0695,T047,D016,R004,2026-07-31 09:01:32.283780,390,106.43,2.94,9.44,8.04,Late
TR0696,T073,D049,R008,2026-01-12 09:01:32.284780,322,109.72,2.16,6.84,6.98,On Time
TR0697,T089,D040,R008,2026-04-16 09:01:32.286785,308,84.33,2.04,5.71,5.25,Late
TR0698,T074,D002,R008,2026-03-22 09:01:32.288781,288,108.39,2.83,7.27,6.28,Late
TR0699,T056,D050,R007,2025-10-17 09:01:32.290777,702,160.99,6.3,17.37,15.0,Late
TR0700,T002,D029,R003,2026-08-26 09:01:32.292777,400,98.65,2.61,7.66,7.88,On Time
TR0701,T073,D049,R001,2025-10-07 09:01:32.294778,556,176.3,4.76,9.13,10.02,On Time
TR0702,T051,D041,R005,2026-02-07 09:01:32.296664,625,156.03,3.24,10.32,11.65,On Time
TR0703,T051,D041,R002,2026-08-22 09:01:32.297758,241,87.18,2.34,5.62,5.21,Late
TR0704,T034,D009,R002,2026-07-09 09:01:32.299752,237,71.88,2.3,5.19,4.6,Late
TR0705,T026,D026,R005,2025-12-22 09:01:32.301751,628,190.84,3.05,12.59,11.72,Late
TR0706,T010,D025,R005,2026-08-02 09:01:32.302750,614,151.47,2.48,15.03,12.32,Late
TR0707,T053,D008,R003,2025-10-16 09:01:32.316714,387,119.79,2.05,7.99,8.09,On Time
TR0708,T040,D004,R006,2026-02-02 09:01:32.319716,576,128.71,4.47,13.23,10.62,Late
TR0709,T057,D012,R008,2026-06-29 09:01:32.322713,266,61.17,2.71,6.16,5.48,Late
TR0710,T011,D050,R004,2026-07-03 09:01:32.324713,341,85.7,3.42,7.7,7.01,Late
TR0711,T037,D026,R005,2026-01-18 09:01:32.326714,597,187.35,2.1,10.17,10.46,On Time
TR0712,T027,D015,R008,2026-05-07 09:01:32.328715,311,86.97,2.52,6.85,6.47,Late
TR0713,T080,D017,R006,2026-03-08 09:01:32.330715,612,136.47,4.31,12.34,11.04,Late
TR0714,T085,D050,R002,2025-09-25 09:01:32.332715,265,102.44,2.38,5.37,5.57,On Time
TR0715,T007,D006,R002,2026-05-01 09:01:32.334714,261,68.51,2.41,5.81,5.78,Late
TR0716,T085,D050,R007,2025-10-19 09:01:32.336716,699,165.3,3.96,18.48,15.44,Late
TR0717,T049,D007,R004,2025-11-15 09:01:32.339714,366,82.19,2.87,7.68,7.87,On Time
TR0718,T024,D049,R005,2026-09-05 09:01:32.341715,609,173.94,2.17,14.33,11.74,Late
TR0719,T068,D026,R008,2026-03-23 09:01:32.343716,283,89.36,2.64,5.08,5.56,On Time
TR0720,T046,D035,R004,2026-04-28 09:01:32.345713,374,120.46,3.33,7.75,6.24,Late
TR0721,T081,D018,R003,2026-09-01 09:01:32.346714,376,88.32,3.79,7.57,6.44,Late
TR0722,T036,D049,R005,2026-08-03 09:01:32.348714,611,217.95,5.12,11.63,10.45,Late
TR0723,T067,D047,R004,2026-05-16 09:01:32.350716,377,101.21,2.94,6.52,6.93,On Time
TR0724,T055,D003,R006,2026-06-03 09:01:32.352715,585,135.43,4.58,12.49,11.71,Late
TR0725,T075,D027,R008,2025-09-29 09:01:32.354712,298,77.04,2.66,5.61,6.2,On Time
TR0726,T068,D026,R004,2026-07-04 09:01:32.356721,392,141.49,3.08,8.11,6.54,Late
TR0727,T073,D049,R003,2026-07-18 09:01:32.357720,418,148.43,2.35,9.65,9.08,Late
TR0728,T019,D008,R007,2026-02-18 09:01:32.360714,722,282.15,3.53,17.97,14.5,Late
TR0729,T096,D011,R002,2026-07-01 09:01:32.363475,291,70.23,2.48,6.1,5.33,Late
TR0730,T014,D009,R005,2026-05-03 09:01:32.365555,605,210.84,4.59,11.74,10.72,Late
TR0731,T079,D040,R005,2026-08-07 09:01:32.367557,611,165.46,4.94,10.85,12.61,On Time
TR0732,T062,D002,R007,2026-03-09 09:01:32.369553,684,195.17,2.93,14.36,12.65,Late
TR0733,T050,D014,R001,2026-02-19 09:01:32.371552,578,167.65,4.88,11.46,12.18,On Time
TR0734,T002,D029,R004,2026-06-05 09:01:32.373551,393,129.29,3.24,8.81,7.68,Late
TR0735,T009,D039,R005,2026-01-09 09:01:32.374552,608,139.64,4.94,12.17,10.17,Late
TR0736,T059,D003,R006,2026-03-06 09:01:32.376550,622,207.78,4.85,10.56,12.18,On Time
TR0737,T051,D041,R008,2025-10-23 09:01:32.378555,303,69.21,2.82,6.02,5.66,Late
TR0738,T005,D035,R007,2026-05-14 09:01:32.380296,709,260.79,4.62,16.42,13.67,Late
TR0739,T051,D041,R002,2026-08-22 09:01:32.382385,279,108.2,2.12,6.35,5.49,Late
TR0740,T057,D012,R007,2026-06-23 09:01:32.384385,701,164.21,4.14,11.94,12.38,On Time
TR0741,T079,D040,R003,2025-10-21 09:01:32.386384,418,160.21,2.86,7.18,7.92,On Time
TR0742,T093,D023,R007,2025-09-25 09:01:32.387385,708,259.69,4.76,15.3,12.49,Late
TR0743,T051,D041,R002,2025-09-17 09:01:32.389387,258,81.98,2.56,5.87,5.69,Late
TR0744,T059,D003,R008,2026-06-25 09:01:32.391387,269,89.66,2.68,5.89,4.86,Late
TR0745,T016,D049,R007,2025-12-22 09:01:32.393385,681,249.6,5.58,13.1,13.16,On Time
TR0746,T094,D016,R003,2025-12-09 09:01:32.394385,410,92.13,2.72,6.92,7.57,On Time
TR0747,T099,D023,R001,2026-07-02 09:01:32.396383,557,128.8,2.61,11.59,10.41,Late
TR0748,T019,D008,R007,2026-01-31 09:01:32.398440,687,170.12,3.46,14.61,15.01,On Time
TR0749,T024,D049,R008,2026-05-10 09:01:32.400438,271,63.07,2.01,3.88,4.56,On Time
TR0750,T064,D039,R004,2026-01-07 09:01:32.402439,388,110.94,2.39,7.42,6.79,Late
TR0751,T076,D016,R005,2025-11-13 09:01:32.403437,639,185.14,2.03,11.01,12.49,On Time
TR0752,T071,D029,R002,2026-08-22 09:01:32.405437,249,66.59,2.11,5.51,4.67,Late
TR0753,T008,D011,R007,2025-11-25 09:01:32.407439,717,224.2,6.24,13.12,15.2,On Time
TR0754,T039,D013,R004,2026-06-17 09:01:32.409435,355,81.78,2.26,7.89,7.76,Late
TR0755,T037,D026,R005,2025-12-03 09:01:32.410436,636,166.41,2.76,12.36,11.46,Late
TR0756,T059,D003,R001,2026-04-16 09:01:32.412435,594,162.39,3.22,8.93,10.07,On Time
TR0757,T049,D007,R006,2026-04-20 09:01:32.414381,618,234.51,3.86,12.86,12.02,Late
TR0758,T016,D049,R002,2026-06-01 09:01:32.416382,276,65.42,2.43,5.62,5.53,Late
TR0759,T079,D040,R008,2026-08-03 09:01:32.418382,267,98.21,2.45,5.25,4.77,Late
TR0760,T089,D040,R004,2025-11-09 09:01:32.419388,372,85.17,3.39,6.0,6.22,On Time
TR0761,T034,D009,R007,2025-11-06 09:01:32.421387,709,194.23,4.85,15.93,13.05,Late
TR0762,T067,D047,R006,2025-11-08 09:01:32.423383,612,162.61,2.92,10.77,11.68,On Time
TR0763,T038,D030,R004,2026-07-18 09:01:32.425385,346,138.23,3.21,8.39,7.63,Late
TR0764,T027,D015,R007,2026-03-21 09:01:32.426382,727,194.87,4.84,12.32,14.19,On Time
TR0765,T082,D022,R006,2026-08-13 09:01:32.428383,579,229.53,3.22,11.61,12.06,On Time
TR0766,T065,D046,R008,2026-03-26 09:01:32.430288,299,94.99,2.37,7.45,6.63,Late
TR0767,T073,D049,R004,2026-03-27 09:01:32.432488,373,84.38,3.51,6.02,6.49,On Time
TR0768,T062,D002,R004,2026-06-29 09:01:32.433488,392,113.66,3.03,7.79,8.61,On Time
TR0769,T069,D044,R001,2026-08-19 09:01:32.435487,604,190.52,5.15,10.81,10.64,Late
TR0770,T039,D013,R004,2026-06-02 09:01:32.437489,370,93.67,2.95,7.92,7.44,Late
TR0771,T043,D027,R001,2026-07-02 09:01:32.439488,598,138.03,3.06,9.2,10.5,On Time
TR0772,T004,D007,R005,2025-11-28 09:01:32.440489,618,138.34,4.59,13.48,11.36,Late
TR0773,T024,D049,R005,2026-04-08 09:01:32.442487,635,232.29,5.03,10.89,11.19,On Time
TR0774,T035,D029,R001,2026-04-15 09:01:32.444492,573,214.32,2.81,9.84,9.85,On Time
TR0775,T039,D013,R008,2026-07-31 09:01:32.446235,275,100.94,2.42,5.62,4.84,Late
TR0776,T004,D007,R008,2026-01-12 09:01:32.448340,315,90.9,2.69,5.56,6.0,On Time
TR0777,T068,D026,R004,2025-12-26 09:01:32.449342,353,87.14,3.11,8.98,7.49,Late
TR0778,T017,D039,R007,2025-12-23 09:01:32.451342,689,174.47,2.59,15.08,13.28,Late
TR0779,T040,D004,R006,2026-03-30 09:01:32.453345,625,241.49,3.85,12.98,10.83,Late
TR0780,T006,D037,R004,2025-11-25 09:01:32.455344,340,96.01,3.24,6.04,6.19,On Time
TR0781,T082,D022,R004,2025-12-18 09:01:32.457346,391,133.92,2.52,7.85,8.14,On Time
TR0782,T057,D012,R002,2026-09-09 09:01:32.459347,274,100.17,2.59,5.56,5.8,On Time
TR0783,T072,D043,R008,2026-05-01 09:01:32.461343,296,109.44,2.13,5.96,5.57,Late
TR0784,T091,D025,R004,2025-11-07 09:01:32.463345,385,125.55,3.46,6.95,7.91,On Time
TR0785,T070,D020,R008,2026-08-22 09:01:32.465343,292,112.24,2.1,7.79,6.43,Late
TR0786,T007,D006,R006,2025-11-17 09:01:32.468344,571,170.3,4.49,13.03,11.97,Late
TR0787,T089,D040,R008,2026-06-07 09:01:32.470340,308,90.81,2.67,6.02,6.12,On Time
TR0788,T086,D020,R005,2026-01-21 09:01:32.471339,648,181.67,4.42,12.53,10.87,Late
TR0789,T012,D018,R002,2026-04-11 09:01:32.473338,284,69.19,2.42,4.55,5.12,On Time
TR0790,T091,D025,R001,2025-11-05 09:01:32.475338,596,173.72,2.97,11.55,12.29,On Time
TR0791,T047,D016,R007,2026-04-03 09:01:32.477341,701,244.53,4.29,11.72,11.93,On Time
TR0792,T004,D007,R001,2026-06-21 09:01:32.479339,551,159.68,3.06,11.34,10.96,Late
TR0793,T045,D021,R006,2026-07-24 09:01:32.481341,604,165.51,3.29,11.62,11.48,Late
TR0794,T084,D022,R001,2026-02-17 09:01:32.482340,551,134.89,2.9,10.51,10.4,Late
TR0795,T032,D028,R003,2026-06-02 09:01:32.484338,395,140.17,3.55,6.63,7.56,On Time
TR0796,T076,D016,R003,2025-12-12 09:01:32.486340,387,95.12,3.32,8.75,7.51,Late
TR0797,T023,D004,R007,2026-01-10 09:01:32.488348,718,187.02,2.58,14.52,12.8,Late
TR0798,T077,D015,R001,2026-04-12 09:01:32.489339,576,182.81,5.6,12.75,12.4,Late
TR0799,T009,D039,R003,2026-03-06 09:01:32.491340,398,146.46,2.62,8.06,6.96,Late
TR0800,T083,D025,R001,2025-11-23 09:01:32.493342,589,224.56,5.41,11.05,12.2,On Time
TR0801,T082,D022,R003,2025-12-18 09:01:32.495342,411,164.38,2.55,7.92,8.71,On Time
TR0802,T079,D040,R002,2026-04-16 09:01:32.497340,268,78.96,2.35,6.69,5.57,Late
TR0803,T087,D015,R005,2026-03-24 09:01:32.499345,616,142.03,6.23,11.86,10.43,Late
TR0804,T075,D027,R007,2026-04-19 09:01:32.501341,676,181.57,2.32,15.27,12.84,Late
TR0805,T071,D029,R005,2026-07-22 09:01:32.503341,600,239.84,5.68,13.95,11.24,Late
TR0806,T004,D007,R004,2025-09-17 09:01:32.504341,349,103.76,2.63,7.13,6.48,Late
TR0807,T049,D007,R003,2026-06-12 09:01:32.506346,387,107.79,3.06,7.32,7.04,Late
TR0808,T047,D016,R005,2026-07-14 09:01:32.508340,650,194.93,2.57,15.8,13.18,Late
TR0809,T010,D025,R003,2026-02-05 09:01:32.510343,401,158.41,3.85,7.5,7.18,Late
TR0810,T018,D036,R006,2025-09-25 09:01:32.512342,571,205.81,4.39,11.94,10.0,Late
TR0811,T055,D003,R004,2026-01-29 09:01:32.514241,373,130.44,2.63,7.59,7.09,Late
TR0812,T029,D003,R003,2026-05-18 09:01:32.517431,371,110.76,3.35,8.62,8.22,Late
TR0813,T035,D029,R001,2026-08-28 09:01:32.519427,573,131.63,4.14,9.22,10.68,On Time
TR0814,T091,D025,R006,2026-07-06 09:01:32.521426,589,216.04,4.89,12.7,11.28,Late
TR0815,T068,D026,R002,2026-08-07 09:01:32.523427,286,64.02,2.32,5.23,5.05,Late
TR0816,T079,D040,R006,2025-10-09 09:01:32.525426,571,190.94,2.31,11.69,10.48,Late
TR0817,T082,D022,R004,2026-03-25 09:01:32.527427,368,89.84,2.88,6.45,7.41,On Time
TR0818,T002,D029,R001,2026-03-31 09:01:32.528427,577,169.3,3.59,10.63,9.85,Late
TR0819,T038,D030,R006,2026-04-14 09:01:32.530429,584,206.0,4.88,11.48,10.54,Late
TR0820,T073,D049,R007,2026-08-21 09:01:32.532427,692,263.84,5.32,12.19,13.28,On Time
TR0821,T038,D030,R006,2026-07-14 09:01:32.534427,617,155.23,4.0,14.19,13.59,Late
TR0822,T036,D049,R007,2026-09-09 09:01:32.536427,692,250.26,5.75,16.78,14.06,Late
TR0823,T078,D008,R004,2026-03-11 09:01:32.537427,345,79.86,3.32,6.85,6.15,Late
TR0824,T034,D009,R005,2026-08-31 09:01:32.539427,647,165.83,3.46,14.48,12.38,Late
TR0825,T011,D050,R008,2026-02-17 09:01:32.541428,273,73.96,2.72,5.64,4.76,Late
TR0826,T031,D031,R003,2026-03-24 09:01:32.543428,402,118.92,2.1,6.89,7.37,On Time
TR0827,T034,D009,R004,2026-01-16 09:01:32.545428,382,92.29,2.49,8.64,8.34,Late
TR0828,T096,D011,R007,2025-09-20 09:01:32.547428,736,183.78,3.97,13.92,13.89,Late
TR0829,T034,D009,R005,2026-01-30 09:01:32.548432,606,170.18,3.63,11.35,11.76,On Time
TR0830,T041,D033,R005,2025-10-25 09:01:32.550428,630,162.97,3.51,16.81,13.81,Late
TR0831,T056,D050,R006,2026-05-03 09:01:32.552427,605,139.53,5.18,10.28,10.45,On Time
TR0832,T033,D026,R006,2026-05-16 09:01:32.554427,607,165.47,4.91,13.09,11.69,Late
TR0833,T076,D016,R001,2026-06-16 09:01:32.555427,596,206.24,3.18,13.41,11.91,Late
TR0834,T002,D029,R004,2025-12-22 09:01:32.557428,377,149.78,2.17,8.31,8.19,Late
TR0835,T058,D043,R001,2026-09-04 09:01:32.559431,569,193.61,4.34,10.71,11.55,On Time
TR0836,T008,D011,R007,2025-11-14 09:01:32.561428,736,199.55,5.23,11.8,12.6,On Time
TR0837,T091,D025,R001,2025-10-20 09:01:32.564011,554,207.28,4.13,10.25,10.25,On Time
TR0838,T024,D049,R006,2025-10-13 09:01:32.566078,623,228.9,5.71,12.62,13.04,On Time
TR0839,T082,D022,R007,2025-10-10 09:01:32.567076,705,162.24,5.9,14.65,14.35,Late
TR0840,T042,D026,R002,2026-03-05 09:01:32.569073,248,87.82,2.24,6.25,5.38,Late
TR0841,T008,D011,R005,2026-01-08 09:01:32.571073,613,138.96,6.18,12.85,12.52,Late
TR0842,T026,D026,R008,2025-12-14 09:01:32.573074,303,92.23,2.72,4.95,5.54,On Time
TR0843,T028,D001,R001,2026-07-26 09:01:32.575073,586,154.75,2.13,11.34,9.98,Late
TR0844,T010,D025,R007,2026-01-05 09:01:32.577084,712,180.02,2.75,10.78,12.57,On Time
TR0845,T082,D022,R005,2025-09-23 09:01:32.579079,597,136.75,3.41,10.39,10.86,On Time
TR0846,T051,D041,R006,2026-01-15 09:01:32.580082,602,240.09,3.73,12.53,10.82,Late
TR0847,T094,D016,R001,2026-03-04 09:01:32.582075,596,144.5,5.6,12.17,12.94,On Time
TR0848,T100,D027,R005,2026-03-30 09:01:32.584075,627,228.63,4.91,14.74,11.82,Late
TR0849,T052,D041,R001,2025-12-17 09:01:32.586084,550,146.1,5.22,8.21,9.26,On Time
TR0850,T044,D017,R007,2026-06-05 09:01:32.588084,681,162.83,2.89,11.66,12.07,On Time
TR0851,T006,D037,R004,2026-07-24 09:01:32.589086,358,93.68,3.03,7.27,7.23,Late
TR0852,T046,D035,R003,2026-07-07 09:01:32.591084,391,146.46,2.07,8.21,7.18,Late
TR0853,T004,D007,R003,2025-12-14 09:01:32.594080,406,90.37,3.22,8.41,8.36,Late
TR0854,T064,D039,R006,2026-09-08 09:01:32.596082,600,135.44,2.15,12.97,10.49,Late
TR0855,T008,D011,R008,2025-10-17 09:01:32.597770,285,69.93,2.63,5.6,6.24,On Time
TR0856,T059,D003,R005,2025-11-24 09:01:32.600952,657,170.38,2.99,10.29,11.31,On Time
TR0857,T010,D025,R002,2025-11-04 09:01:32.602952,234,58.93,2.03,3.83,4.47,On Time
TR0858,T090,D042,R004,2026-04-12 09:01:32.604949,375,135.82,3.35,6.86,7.88,On Time
TR0859,T013,D042,R002,2026-07-24 09:01:32.607951,261,70.12,2.07,3.98,4.54,On Time
TR0860,T077,D015,R007,2026-03-28 09:01:32.609975,727,194.84,6.11,14.73,15.82,On Time
TR0861,T095,D031,R001,2025-12-11 09:01:32.612944,590,178.57,2.52,14.16,12.6,Late
TR0862,T028,D001,R008,2026-04-29 09:01:32.615616,312,120.41,2.13,5.73,6.55,On Time
TR0863,T054,D038,R007,2025-11-23 09:01:32.618616,686,176.23,2.21,13.2,12.87,Late
TR0864,T013,D042,R002,2026-09-08 09:01:32.620617,282,67.23,2.55,6.04,5.2,Late
TR0865,T011,D050,R008,2025-11-17 09:01:32.622622,264,104.99,2.83,5.07,4.48,Late
TR0866,T054,D038,R001,2026-06-03 09:01:32.624620,591,143.63,2.54,11.77,10.44,Late
TR0867,T035,D029,R006,2025-09-27 09:01:32.626625,599,176.13,2.15,11.34,12.33,On Time
TR0868,T024,D049,R006,2026-04-15 09:01:32.628618,611,174.58,3.38,11.35,10.31,Late
TR0869,T001,D015,R004,2026-07-30 09:01:32.629618,369,124.19,3.02,8.38,7.89,Late
TR0870,T098,D007,R002,2026-06-02 09:01:32.632616,266,75.67,2.17,5.63,5.12,Late
TR0871,T025,D034,R004,2026-01-17 09:01:32.634617,341,83.31,2.82,7.63,6.17,Late
TR0872,T021,D010,R001,2026-06-01 09:01:32.636618,589,135.55,3.64,12.8,12.86,On Time
TR0873,T043,D027,R002,2026-08-21 09:01:32.638617,271,65.93,2.57,4.17,4.81,On Time
TR0874,T023,D004,R005,2026-05-19 09:01:32.639617,607,149.1,5.08,10.41,11.61,On Time
TR0875,T076,D016,R003,2026-04-03 09:01:32.641617,397,125.95,2.44,9.27,8.27,Late
TR0876,T015,D038,R008,2026-06-06 09:01:32.643618,284,96.09,2.35,5.94,5.85,Late
TR0877,T029,D003,R003,2026-07-04 09:01:32.645620,364,105.75,2.41,8.4,6.96,Late
TR0878,T079,D040,R005,2026-06-09 09:01:32.647620,626,219.18,4.7,12.78,12.37,Late
TR0879,T035,D029,R008,2026-04-26 09:01:32.649618,276,87.02,2.13,6.54,6.07,Late
TR0880,T060,D020,R003,2026-04-18 09:01:32.651619,389,116.59,3.15,6.47,6.9,On Time
TR0881,T082,D022,R004,2026-05-22 09:01:32.653617,394,105.83,2.14,10.26,8.29,Late
TR0882,T067,D047,R002,2026-01-23 09:01:32.655617,263,62.26,2.17,5.66,5.45,Late
TR0883,T094,D016,R007,2025-11-24 09:01:32.656618,703,176.97,3.13,14.16,14.44,On Time
TR0884,T076,D016,R005,2026-08-25 09:01:32.658617,657,234.82,2.17,10.45,12.26,On Time
TR0885,T061,D022,R007,2026-01-14 09:01:32.660621,722,178.84,6.1,16.86,15.87,Late
TR0886,T090,D042,R006,2026-09-10 09:01:32.663617,618,229.23,4.74,10.41,11.79,On Time
TR0887,T053,D008,R007,2026-08-01 09:01:32.665433,736,250.68,2.08,13.82,14.61,On Time
TR0888,T086,D020,R001,2025-11-22 09:01:32.667431,566,200.45,2.09,11.76,10.91,Late
TR0889,T059,D003,R005,2026-03-11 09:01:32.669429,626,154.81,4.68,10.9,10.77,Late
TR0890,T091,D025,R007,2025-09-28 09:01:32.671432,716,286.09,3.68,13.21,13.16,Late
TR0891,T005,D035,R006,2025-12-13 09:01:32.673431,584,174.23,4.28,14.63,11.91,Late
TR0892,T027,D015,R004,2026-08-19 09:01:32.675424,384,99.24,2.84,6.96,7.07,On Time
TR0893,T087,D015,R007,2025-11-04 09:01:32.677430,699,163.47,2.21,14.92,14.98,On Time
TR0894,T047,D016,R008,2026-06-04 09:01:32.679424,275,72.44,2.13,5.32,4.95,Late
TR0895,T043,D027,R001,2025-11-23 09:01:32.681423,562,157.02,5.28,11.76,10.27,Late
TR0896,T090,D042,R003,2026-05-03 09:01:32.682423,373,93.1,2.96,6.47,6.61,On Time
TR0897,T055,D003,R003,2026-01-03 09:01:32.684422,377,144.5,3.0,7.68,7.45,Late
TR0898,T016,D049,R007,2026-04-20 09:01:32.686422,706,180.12,4.29,13.61,12.8,Late
TR0899,T048,D043,R005,2026-08-14 09:01:32.688421,648,168.46,2.8,14.52,11.7,Late
TR0900,T059,D003,R004,2026-08-08 09:01:32.690421,339,127.43,2.18,5.6,5.8,On Time
TR0901,T036,D049,R005,2025-12-24 09:01:32.691423,604,155.1,6.07,13.82,11.52,Late
TR0902,T003,D018,R007,2026-01-17 09:01:32.693427,694,208.22,3.75,15.36,12.56,Late
TR0903,T057,D012,R006,2026-05-21 09:01:32.695424,613,161.77,5.31,10.87,12.42,On Time
TR0904,T067,D047,R006,2026-04-02 09:01:32.697441,607,191.38,3.93,12.58,11.31,Late
TR0905,T086,D020,R004,2025-11-30 09:01:32.699423,378,106.17,2.22,7.34,7.1,Late
TR0906,T040,D004,R005,2026-04-22 09:01:32.701426,607,148.83,5.29,12.52,12.54,On Time
TR0907,T007,D006,R001,2026-06-26 09:01:32.703424,556,173.41,4.68,9.83,10.73,On Time
TR0908,T037,D026,R008,2025-10-10 09:01:32.704426,275,61.85,2.75,5.39,4.78,Late
TR0909,T021,D010,R002,2026-02-03 09:01:32.706423,247,90.35,2.16,4.45,4.12,Late
TR0910,T024,D049,R004,2026-03-24 09:01:32.708424,347,95.72,2.24,7.44,7.62,On Time
TR0911,T058,D043,R003,2026-09-04 09:01:32.711423,394,88.52,2.77,6.68,7.43,On Time
TR0912,T064,D039,R003,2026-09-14 09:01:32.712431,409,146.55,3.84,7.72,7.89,On Time
TR0913,T070,D020,R007,2026-04-21 09:01:32.714645,708,223.87,6.91,13.24,12.74,Late
TR0914,T097,D037,R002,2026-02-02 09:01:32.716846,268,69.9,2.21,5.36,4.7,Late
TR0915,T015,D038,R006,2026-07-19 09:01:32.718847,612,176.98,3.22,15.05,13.42,Late
TR0916,T052,D041,R004,2026-08-19 09:01:32.720838,373,89.2,3.0,6.4,7.22,On Time
TR0917,T025,D034,R001,2026-06-08 09:01:32.722838,584,164.37,2.09,11.92,10.3,Late
TR0918,T069,D044,R002,2025-12-28 09:01:32.723838,286,84.34,2.24,4.59,5.19,On Time
TR0919,T063,D007,R002,2025-10-10 09:01:32.725838,252,67.99,2.22,4.17,4.78,On Time
TR0920,T019,D008,R001,2026-04-24 09:01:32.727838,592,140.7,3.3,11.7,11.71,On Time
TR0921,T040,D004,R006,2026-02-01 09:01:32.729847,594,139.81,4.94,14.64,12.83,Late
TR0922,T054,D038,R008,2026-02-11 09:01:32.731844,315,93.06,2.68,7.58,6.64,Late
TR0923,T054,D038,R001,2026-04-14 09:01:32.732842,555,133.06,3.79,9.33,10.28,On Time
TR0924,T068,D026,R003,2026-08-02 09:01:32.734841,381,144.74,2.01,7.39,6.41,Late
TR0925,T082,D022,R002,2025-11-30 09:01:32.736842,290,95.19,2.47,6.3,6.09,Late
TR0926,T018,D036,R006,2026-08-26 09:01:32.738836,578,201.25,5.26,12.2,11.39,Late
TR0927,T039,D013,R008,2026-05-25 09:01:32.740835,317,86.37,2.03,6.93,6.05,Late
TR0928,T001,D015,R001,2026-01-18 09:01:32.741835,556,183.78,2.47,11.09,9.37,Late
TR0929,T086,D020,R004,2025-10-21 09:01:32.743838,391,127.14,2.4,9.94,8.2,Late
TR0930,T016,D049,R001,2026-03-15 09:01:32.745836,595,194.8,4.19,8.71,9.93,On Time
TR0931,T073,D049,R007,2025-09-26 09:01:32.747837,703,165.93,6.14,13.44,12.92,Late
TR0932,T048,D043,R005,2025-11-23 09:01:32.749836,629,158.6,2.25,13.26,13.9,On Time
TR0933,T041,D033,R002,2026-04-30 09:01:32.750835,261,61.32,2.22,5.08,5.55,On Time
TR0934,T082,D022,R005,2025-10-24 09:01:32.752835,655,148.52,6.0,13.84,14.32,On Time
TR0935,T066,D028,R004,2026-06-23 09:01:32.754840,346,85.79,2.89,6.44,7.25,On Time
TR0936,T041,D033,R006,2025-09-24 09:01:32.756838,618,147.49,4.73,10.39,10.84,On Time
TR0937,T013,D042,R006,2025-12-25 09:01:32.758839,600,163.93,3.11,8.94,10.46,On Time
TR0938,T100,D027,R003,2026-05-28 09:01:32.760839,391,117.63,2.29,6.09,6.65,On Time
TR0939,T029,D003,R003,2025-12-21 09:01:32.762844,413,143.56,3.61,7.74,7.07,Late
TR0940,T092,D018,R003,2026-08-08 09:01:32.765634,395,101.16,2.22,7.05,6.93,Late
TR0941,T017,D039,R006,2026-07-07 09:01:32.767635,625,246.57,5.24,14.01,12.44,Late
TR0942,T077,D015,R007,2026-09-02 09:01:32.769636,709,176.05,5.77,16.03,14.14,Late
TR0943,T016,D049,R003,2026-04-12 09:01:32.771634,374,135.63,2.24,7.6,6.75,Late
TR0944,T017,D039,R005,2026-09-07 09:01:32.772633,602,179.72,5.31,9.55,10.67,On Time
TR0945,T097,D037,R008,2025-12-28 09:01:32.775634,291,112.57,2.56,7.28,6.24,Late
TR0946,T061,D022,R005,2026-09-11 09:01:32.777634,604,139.91,5.22,12.84,13.23,On Time
TR0947,T016,D049,R007,2025-10-08 09:01:32.779634,734,198.19,3.78,12.69,13.64,On Time
TR0948,T012,D018,R003,2026-03-22 09:01:32.781633,369,88.03,2.67,7.67,6.24,Late
TR0949,T065,D046,R008,2026-07-28 09:01:32.783636,313,79.1,2.77,6.94,6.44,Late
TR0950,T098,D007,R008,2026-06-21 09:01:32.785639,264,74.21,2.85,5.86,4.74,Late
TR0951,T069,D044,R008,2026-01-01 09:01:32.786636,264,59.36,2.8,5.31,5.68,On Time
TR0952,T061,D022,R001,2026-07-24 09:01:32.788636,570,146.29,2.68,13.35,11.93,Late
TR0953,T046,D035,R005,2026-04-09 09:01:32.790636,621,185.47,2.53,11.93,11.78,Late
TR0954,T015,D038,R006,2025-12-05 09:01:32.793635,599,216.1,4.86,12.01,10.61,Late
TR0955,T011,D050,R008,2026-04-10 09:01:32.794636,284,81.44,2.65,5.77,5.59,Late
TR0956,T057,D012,R004,2026-06-12 09:01:32.796637,348,96.46,3.41,8.4,7.05,Late
TR0957,T061,D022,R001,2026-01-08 09:01:32.798635,607,157.32,4.53,15.91,12.73,Late
TR0958,T051,D041,R008,2026-02-26 09:01:32.800636,292,82.36,2.38,4.75,5.29,On Time
TR0959,T076,D016,R005,2026-03-14 09:01:32.802636,603,151.4,6.16,9.48,10.33,On Time
TR0960,T044,D017,R007,2026-02-11 09:01:32.803635,688,186.45,5.67,10.33,11.49,On Time
TR0961,T036,D049,R003,2025-10-22 09:01:32.805636,408,103.9,3.79,7.28,7.59,On Time
TR0962,T046,D035,R005,2025-12-29 09:01:32.807635,627,163.56,3.19,13.17,10.58,Late
TR0963,T099,D023,R002,2025-10-30 09:01:32.810639,261,96.09,2.58,5.61,5.35,Late
TR0964,T004,D007,R001,2026-09-03 09:01:32.813341,553,139.1,5.66,10.09,9.62,Late
TR0965,T049,D007,R006,2026-07-29 09:01:32.815414,604,156.54,5.01,14.03,12.77,Late
TR0966,T085,D050,R006,2026-04-19 09:01:32.817412,614,173.45,4.62,12.15,11.72,Late
TR0967,T063,D007,R008,2025-12-11 09:01:32.818412,296,97.91,2.02,7.04,5.9,Late
TR0968,T098,D007,R001,2026-01-29 09:01:32.820412,549,122.51,3.19,8.46,9.43,On Time
TR0969,T049,D007,R004,2026-04-14 09:01:32.822415,362,105.87,3.45,8.54,7.96,Late
TR0970,T022,D032,R006,2026-07-22 09:01:32.824415,597,177.61,4.25,12.09,12.02,Late
TR0971,T063,D007,R003,2025-12-03 09:01:32.826417,402,111.43,3.62,7.86,7.57,Late
TR0972,T065,D046,R008,2025-11-05 09:01:32.828417,267,81.33,2.64,6.3,5.09,Late
TR0973,T099,D023,R004,2026-03-13 09:01:32.829417,352,112.07,2.57,6.73,7.75,On Time
TR0974,T095,D031,R003,2026-07-29 09:01:32.831417,397,155.45,2.81,6.71,6.8,On Time
TR0975,T046,D035,R004,2025-10-20 09:01:32.833416,360,112.41,2.51,6.23,6.56,On Time
TR0976,T011,D050,R006,2026-06-22 09:01:32.835417,624,160.99,2.08,9.63,10.75,On Time
TR0977,T042,D026,R005,2026-02-13 09:01:32.837417,599,175.05,3.14,11.14,10.34,Late
TR0978,T090,D042,R007,2026-03-01 09:01:32.838416,706,192.06,3.63,11.82,11.81,Late
TR0979,T013,D042,R007,2026-01-05 09:01:32.840413,727,209.11,4.54,12.24,13.13,On Time
TR0980,T098,D007,R001,2026-02-05 09:01:32.842415,589,185.27,2.76,10.81,10.86,On Time
TR0981,T082,D022,R005,2026-05-30 09:01:32.844414,651,146.35,3.23,16.79,14.11,Late
TR0982,T007,D006,R002,2026-07-31 09:01:32.846416,251,55.87,2.44,4.63,4.92,On Time
TR0983,T075,D027,R006,2025-12-19 09:01:32.847415,572,155.28,3.88,12.54,11.65,Late
TR0984,T027,D015,R006,2026-04-16 09:01:32.849416,588,143.72,3.71,10.43,10.74,On Time
TR0985,T070,D020,R002,2026-01-27 09:01:32.851420,252,86.89,2.42,5.43,4.94,Late
TR0986,T071,D029,R003,2026-06-13 09:01:32.853418,371,87.05,3.1,7.21,6.82,Late
TR0987,T028,D001,R008,2025-10-25 09:01:32.854417,306,69.16,2.5,5.65,5.45,Late
TR0988,T079,D040,R002,2025-10-31 09:01:32.856417,286,70.82,2.04,5.97,5.55,Late
TR0989,T026,D026,R007,2026-04-16 09:01:32.858420,699,204.09,6.27,16.52,14.38,Late
TR0990,T053,D008,R002,2026-02-17 09:01:32.860418,252,59.71,2.17,4.75,4.3,Late
TR0991,T037,D026,R003,2026-05-17 09:01:32.862414,401,142.14,2.22,6.85,7.25,On Time
TR0992,T025,D034,R006,2025-12-04 09:01:32.864151,567,189.56,5.93,10.23,9.88,Late
TR0993,T055,D003,R004,2026-09-02 09:01:32.866224,375,86.98,2.42,7.49,7.81,On Time
TR0994,T036,D049,R006,2026-01-11 09:01:32.868220,608,168.82,5.1,9.64,11.12,On Time
TR0995,T008,D011,R003,2026-08-15 09:01:32.869220,415,96.67,3.71,8.09,8.35,On Time
TR0996,T053,D008,R002,2026-07-07 09:01:32.871222,289,89.56,2.15,4.67,5.27,On Time
TR0997,T074,D002,R002,2025-11-23 09:01:32.873224,279,79.7,2.59,6.65,5.96,Late
TR0998,T068,D026,R008,2026-04-09 09:01:32.875228,280,80.16,2.31,6.58,6.04,Late
TR0999,T075,D027,R006,2026-02-12 09:01:32.876226,613,186.9,2.86,10.29,10.9,On Time
TR1000,T014,D009,R008,2025-11-19 09:01:32.878222,275,93.91,2.05,5.67,5.6,Late
TR1001,T069,D044,R001,2026-01-16 09:01:32.880222,570,146.18,4.57,13.04,12.21,Late
TR1002,T036,D049,R006,2026-03-12 09:01:32.882225,622,152.88,5.25,13.72,13.19,Late
TR1003,T003,D018,R005,2025-10-12 09:01:32.883223,638,143.9,5.41,14.0,11.8,Late
TR1004,T007,D006,R001,2026-03-04 09:01:32.885222,591,136.33,3.17,10.21,10.73,On Time
TR1005,T090,D042,R005,2026-05-18 09:01:32.887222,620,143.97,5.66,11.94,11.22,Late
TR1006,T050,D014,R006,2026-05-09 09:01:32.889224,566,131.03,3.19,13.8,11.12,Late
TR1007,T097,D037,R006,2026-02-04 09:01:32.891227,581,187.73,4.5,9.18,10.04,On Time
TR1008,T099,D023,R002,2026-01-08 09:01:32.893225,273,82.41,2.29,7.18,6.0,Late
TR1009,T053,D008,R007,2026-07-27 09:01:32.894225,735,175.74,6.17,15.83,13.18,Late
TR1010,T090,D042,R004,2025-12-10 09:01:32.896225,350,99.64,3.21,7.59,6.96,Late
TR1011,T059,D003,R006,2025-10-29 09:01:32.898226,610,238.78,3.76,14.74,13.32,Late
TR1012,T083,D025,R004,2025-11-26 09:01:32.900223,342,136.46,2.13,6.92,7.12,On Time
TR1013,T021,D010,R005,2026-07-12 09:01:32.902221,612,173.24,5.62,12.15,10.28,Late
TR1014,T088,D043,R007,2026-07-10 09:01:32.903225,702,171.84,3.32,14.68,14.1,Late
TR1015,T088,D043,R005,2026-02-16 09:01:32.905237,634,152.64,3.57,10.34,11.12,On Time
TR1016,T051,D041,R007,2026-09-06 09:01:32.907223,732,224.91,6.8,13.72,12.73,Late
TR1017,T072,D043,R004,2026-01-23 09:01:32.909221,375,100.7,2.33,6.85,7.74,On Time
TR1018,T090,D042,R003,2026-05-06 09:01:32.911224,414,145.9,2.28,8.3,8.12,Late
TR1019,T048,D043,R005,2026-02-06 09:01:32.913223,607,138.13,5.3,14.76,12.98,Late
TR1020,T059,D003,R005,2026-06-11 09:01:32.914963,649,168.69,6.04,15.75,13.87,Late
TR1021,T035,D029,R004,2026-06-03 09:01:32.917022,352,88.16,2.98,7.1,6.94,Late
TR1022,T037,D026,R006,2026-07-04 09:01:32.918023,612,158.78,2.11,12.1,11.94,Late
TR1023,T034,D009,R003,2025-10-01 09:01:32.920022,375,100.39,3.23,6.39,6.4,On Time
TR1024,T011,D050,R002,2026-02-25 09:01:32.922022,232,67.49,2.43,4.96,4.0,Late
TR1025,T092,D018,R005,2026-07-30 09:01:32.924023,621,158.54,4.38,10.55,11.08,On Time
TR1026,T007,D006,R001,2025-11-10 09:01:32.926027,568,130.21,5.54,10.82,10.91,On Time
TR1027,T077,D015,R004,2025-11-03 09:01:32.928023,379,94.83,2.62,7.9,8.3,On Time
TR1028,T051,D041,R001,2025-11-23 09:01:32.929023,589,181.69,2.68,10.63,9.9,Late
TR1029,T022,D032,R001,2026-08-02 09:01:32.931025,579,166.11,3.2,11.99,11.56,Late
TR1030,T068,D026,R003,2026-07-13 09:01:32.933024,387,139.03,2.95,7.18,8.28,On Time
TR1031,T036,D049,R008,2026-05-05 09:01:32.935022,311,96.55,2.58,7.32,6.04,Late
TR1032,T098,D007,R007,2026-04-08 09:01:32.937027,735,242.77,5.73,17.85,14.79,Late
TR1033,T063,D007,R001,2025-10-26 09:01:32.944021,595,135.22,5.01,13.61,11.16,Late
TR1034,T007,D006,R006,2026-05-06 09:01:32.947021,578,206.63,2.65,10.31,11.93,On Time
TR1035,T060,D020,R006,2026-02-02 09:01:32.948020,593,217.05,3.41,10.64,10.15,Late
TR1036,T091,D025,R007,2026-07-03 09:01:32.950021,711,204.88,2.63,16.13,13.57,Late
TR1037,T012,D018,R001,2025-12-30 09:01:32.952020,560,132.19,5.1,10.77,11.74,On Time
TR1038,T073,D049,R006,2026-09-14 09:01:32.955021,623,162.82,4.08,16.15,12.93,Late
TR1039,T074,D002,R002,2025-10-05 09:01:32.956020,243,72.91,2.06,6.1,5.27,Late
TR1040,T043,D027,R004,2026-03-09 09:01:32.958021,335,109.17,2.97,5.04,5.61,On Time
TR1041,T014,D009,R004,2025-09-19 09:01:32.961023,387,122.97,3.08,8.81,8.52,Late
TR1042,T059,D003,R001,2026-08-25 09:01:32.963996,587,133.09,4.47,9.28,10.89,On Time
TR1043,T058,D043,R008,2025-11-29 09:01:32.967081,284,64.62,2.12,5.74,4.73,Late
TR1044,T007,D006,R001,2026-08-11 09:01:32.970085,598,157.9,4.06,10.47,12.0,On Time
TR1045,T078,D008,R001,2026-02-24 09:01:32.973084,571,212.65,2.34,11.06,11.69,On Time
TR1046,T027,D015,R008,2025-10-17 09:01:32.976083,274,83.61,2.14,5.95,5.37,Late
TR1047,T039,D013,R004,2025-10-01 09:01:32.979080,365,88.98,2.99,7.93,6.51,Late
TR1048,T046,D035,R007,2026-01-31 09:01:32.981079,718,266.69,6.48,13.21,14.21,On Time
TR1049,T061,D022,R005,2026-03-12 09:01:32.983081,614,169.33,4.62,13.79,11.96,Late
TR1050,T056,D050,R007,2026-01-22 09:01:32.985084,716,213.6,5.42,15.49,15.7,On Time
TR1051,T083,D025,R004,2025-10-20 09:01:32.987083,377,96.0,2.86,6.78,6.39,Late
TR1052,T038,D030,R001,2026-07-02 09:01:32.989081,576,170.68,5.71,10.23,9.83,Late
TR1053,T088,D043,R008,2025-11-29 09:01:32.991084,321,103.52,2.04,6.73,6.59,Late
TR1054,T010,D025,R003,2026-07-30 09:01:32.994080,418,161.38,2.88,9.15,8.97,Late
TR1055,T093,D023,R006,2026-01-02 09:01:32.996082,602,145.92,2.06,12.97,11.96,Late
TR1056,T095,D031,R003,2026-08-24 09:01:32.999085,402,117.35,2.16,8.41,7.08,Late
TR1057,T091,D025,R006,2026-01-29 09:01:33.002085,585,187.03,4.47,12.07,10.47,Late
TR1058,T034,D009,R004,2026-06-14 09:01:33.005085,355,80.07,2.13,5.65,6.11,On Time
TR1059,T078,D008,R002,2026-09-14 09:01:33.007083,248,58.45,2.24,5.66,5.32,Late
TR1060,T002,D029,R001,2025-10-15 09:01:33.009082,557,146.13,5.64,10.86,10.73,Late
TR1061,T078,D008,R005,2026-03-16 09:01:33.011086,643,185.12,4.95,14.69,11.85,Late
TR1062,T089,D040,R007,2026-09-09 09:01:33.014084,719,218.54,2.97,13.06,14.51,On Time
TR1063,T003,D018,R001,2025-10-19 09:01:33.017083,591,133.08,2.55,9.53,10.21,On Time
TR1064,T031,D031,R005,2026-08-03 09:01:33.020084,624,149.13,3.28,11.49,10.78,Late
TR1065,T060,D020,R007,2026-06-30 09:01:33.022083,685,198.67,5.74,13.85,15.11,On Time
TR1066,T057,D012,R002,2026-06-05 09:01:33.025085,263,76.39,2.18,4.92,4.54,Late
TR1067,T051,D041,R004,2026-02-07 09:01:33.027084,337,106.39,3.61,8.61,7.24,Late
TR1068,T064,D039,R002,2026-08-29 09:01:33.030085,279,76.29,2.3,6.24,4.99,Late
TR1069,T063,D007,R001,2026-01-10 09:01:33.032082,579,157.25,2.87,11.99,10.69,Late
TR1070,T008,D011,R006,2026-05-02 09:01:33.034083,599,236.01,5.54,11.97,11.17,Late
TR1071,T054,D038,R004,2026-03-23 09:01:33.036082,390,113.15,2.74,9.12,7.44,Late
TR1072,T056,D050,R003,2026-02-04 09:01:33.038082,361,127.89,2.44,6.7,6.46,Late
TR1073,T029,D003,R007,2025-10-15 09:01:33.039082,713,165.12,4.37,15.53,14.24,Late
TR1074,T038,D030,R004,2025-10-07 09:01:33.041082,380,96.87,3.07,7.57,6.4,Late
TR1075,T047,D016,R008,2026-06-02 09:01:33.043082,314,91.16,2.27,4.82,5.27,On Time
TR1076,T096,D011,R008,2025-11-10 09:01:33.045082,269,70.16,2.46,5.33,5.73,On Time
TR1077,T054,D038,R002,2026-08-23 09:01:33.047085,292,65.07,2.62,5.5,5.89,On Time
TR1078,T046,D035,R005,2026-01-02 09:01:33.049083,653,216.11,2.14,10.89,11.84,On Time
TR1079,T009,D039,R007,2026-05-25 09:01:33.050083,697,207.36,4.46,11.53,12.84,On Time
TR1080,T044,D017,R004,2026-05-03 09:01:33.052082,384,119.61,3.47,10.09,8.4,Late
TR1081,T089,D040,R005,2026-02-04 09:01:33.054082,652,184.66,5.41,13.42,11.85,Late
TR1082,T097,D037,R008,2026-07-26 09:01:33.056082,271,60.91,2.77,5.23,4.78,Late
TR1083,T006,D037,R005,2026-03-15 09:01:33.057082,629,232.03,2.67,13.84,11.55,Late
TR1084,T038,D030,R006,2026-07-28 09:01:33.059082,611,180.61,2.61,13.28,11.62,Late
TR1085,T047,D016,R003,2026-02-16 09:01:33.061082,381,92.07,3.46,7.57,8.13,On Time
TR1086,T001,D015,R002,2026-06-21 09:01:33.063084,247,59.24,2.05,4.57,4.74,On Time
TR1087,T048,D043,R003,2026-07-01 09:01:33.065068,405,101.01,3.43,8.96,8.03,Late
TR1088,T068,D026,R004,2026-02-19 09:01:33.067068,360,88.36,3.47,7.81,7.65,Late
TR1089,T067,D047,R004,2026-09-11 09:01:33.069068,384,99.37,3.18,6.67,6.49,Late
TR1090,T067,D047,R008,2026-06-24 09:01:33.071068,324,122.77,2.41,6.54,6.47,Late
TR1091,T051,D041,R008,2025-11-26 09:01:33.073068,312,121.2,2.05,4.83,5.3,On Time
TR1092,T081,D018,R003,2026-02-14 09:01:33.074068,405,98.83,2.76,8.64,6.97,Late
TR1093,T088,D043,R008,2026-03-24 09:01:33.076068,308,85.38,2.01,7.12,6.21,Late
TR1094,T036,D049,R006,2026-01-31 09:01:33.078068,623,175.22,4.55,11.97,10.59,Late
TR1095,T070,D020,R001,2025-10-19 09:01:33.080101,586,143.74,3.52,12.08,10.7,Late
TR1096,T026,D026,R007,2026-07-14 09:01:33.082068,732,235.9,4.63,15.81,16.07,On Time
TR1097,T070,D020,R002,2026-03-26 09:01:33.084068,250,85.4,2.47,4.63,4.75,On Time
TR1098,T021,D010,R005,2026-05-16 09:01:33.086068,598,233.98,5.55,11.41,10.5,Late
TR1099,T039,D013,R004,2026-03-10 09:01:33.087068,380,113.59,2.43,8.26,7.23,Late
TR1100,T065,D046,R001,2026-01-30 09:01:33.089069,569,207.09,3.12,12.39,10.1,Late
TR1101,T095,D031,R008,2025-11-23 09:01:33.091068,264,77.5,2.53,5.18,4.42,Late
TR1102,T081,D018,R007,2026-04-24 09:01:33.093070,718,201.31,5.37,13.18,13.31,On Time
TR1103,T092,D018,R004,2026-05-13 09:01:33.095069,370,96.23,2.17,7.02,6.64,Late
TR1104,T067,D047,R008,2026-07-03 09:01:33.098068,301,104.33,2.67,5.48,5.31,Late
TR1105,T053,D008,R001,2026-05-30 09:01:33.099068,552,205.63,3.68,9.69,10.74,On Time
TR1106,T048,D043,R002,2026-02-26 09:01:33.101069,275,77.41,2.54,5.4,5.11,Late
TR1107,T075,D027,R002,2026-01-09 09:01:33.103069,263,69.71,2.45,4.94,4.39,Late
TR1108,T054,D038,R004,2026-01-25 09:01:33.105069,386,136.6,2.21,7.66,7.34,Late
TR1109,T091,D025,R008,2026-01-17 09:01:33.107068,296,70.03,2.03,5.92,6.33,On Time
TR1110,T021,D010,R007,2026-02-19 09:01:33.108068,736,203.42,2.56,11.23,12.51,On Time
TR1111,T048,D043,R008,2026-04-13 09:01:33.110068,300,97.43,2.93,5.1,5.68,On Time
TR1112,T039,D013,R002,2025-11-19 09:01:33.113069,250,72.01,2.26,3.99,4.4,On Time
TR1113,T040,D004,R008,2026-09-15 09:01:33.114808,320,104.34,2.11,7.68,6.7,Late
TR1114,T045,D021,R001,2025-12-01 09:01:33.116879,551,129.93,3.71,11.6,10.75,Late
TR1115,T044,D017,R004,2026-07-11 09:01:33.118878,384,117.99,3.25,7.91,6.68,Late
TR1116,T065,D046,R002,2026-04-03 09:01:33.120874,272,79.49,2.06,5.42,5.26,Late
TR1117,T080,D017,R007,2026-03-27 09:01:33.122873,718,191.61,4.74,17.1,14.13,Late
TR1118,T086,D020,R004,2026-06-24 09:01:33.124878,390,115.17,3.16,7.02,7.93,On Time
TR1119,T074,D002,R007,2026-07-15 09:01:33.126878,716,174.96,5.26,13.84,12.88,Late
TR1120,T011,D050,R002,2025-11-29 09:01:33.128874,244,55.32,2.32,5.29,4.59,Late
TR1121,T097,D037,R004,2025-12-18 09:01:33.130878,364,103.84,2.29,8.95,8.04,Late
TR1122,T003,D018,R005,2025-11-24 09:01:33.131871,614,150.73,3.9,14.28,12.61,Late
TR1123,T069,D044,R003,2026-09-05 09:01:33.133877,398,126.72,2.65,7.73,7.39,Late
TR1124,T024,D049,R002,2026-08-01 09:01:33.135878,258,101.25,2.07,4.89,4.88,Late
TR1125,T013,D042,R005,2026-08-02 09:01:33.137877,631,222.47,2.66,12.74,13.38,On Time
TR1126,T053,D008,R001,2026-09-03 09:01:33.138878,590,207.86,4.69,10.66,10.88,On Time
TR1127,T039,D013,R003,2026-05-07 09:01:33.140878,384,142.35,2.71,9.84,8.15,Late
TR1128,T016,D049,R006,2026-01-07 09:01:33.143875,569,195.86,4.01,10.96,10.11,Late
TR1129,T065,D046,R001,2025-12-07 09:01:33.145879,571,129.81,3.53,11.38,11.64,On Time
TR1130,T062,D002,R004,2026-05-02 09:01:33.147730,335,101.06,2.91,8.32,6.91,Late
TR1131,T076,D016,R004,2026-07-14 09:01:33.149739,377,139.47,2.5,7.42,6.68,Late
TR1132,T053,D008,R001,2026-07-06 09:01:33.151739,575,215.53,3.41,9.82,10.54,On Time
TR1133,T022,D032,R001,2025-12-06 09:01:33.152741,597,199.64,3.7,12.43,10.07,Late
TR1134,T001,D015,R003,2026-06-23 09:01:33.154740,412,120.14,2.0,6.92,7.17,On Time
TR1135,T062,D002,R007,2026-03-21 09:01:33.156738,693,187.51,6.26,12.05,12.03,Late
TR1136,T028,D001,R001,2025-12-17 09:01:33.158740,584,139.67,4.12,10.86,11.87,On Time
TR1137,T039,D013,R002,2025-12-06 09:01:33.160740,237,72.02,2.62,4.58,5.06,On Time
TR1138,T056,D050,R007,2025-10-02 09:01:33.162742,689,185.17,6.78,11.35,11.61,On Time
TR1139,T082,D022,R008,2025-10-12 09:01:33.165568,280,62.79,2.92,4.82,5.03,On Time
TR1140,T044,D017,R005,2025-09-27 09:01:33.166566,610,178.38,2.57,9.68,11.3,On Time
TR1141,T001,D015,R003,2026-02-17 09:01:33.168566,398,115.26,3.06,7.61,6.8,Late
TR1142,T090,D042,R002,2025-10-19 09:01:33.170567,277,79.64,2.4,4.8,5.44,On Time
TR1143,T069,D044,R007,2026-07-15 09:01:33.172566,677,157.99,3.79,12.16,11.83,Late
TR1144,T049,D007,R002,2025-09-25 09:01:33.174562,284,76.7,2.61,6.63,5.59,Late
TR1145,T016,D049,R006,2026-09-06 09:01:33.176563,595,183.59,5.0,10.6,12.42,On Time
TR1146,T088,D043,R005,2025-10-31 09:01:33.178566,655,167.16,3.29,16.09,13.68,Late
TR1147,T092,D018,R006,2026-04-26 09:01:33.180564,580,195.38,3.95,11.02,11.07,On Time
TR1148,T091,D025,R003,2025-10-25 09:01:33.182564,405,109.1,2.75,11.17,8.98,Late
TR1149,T036,D049,R007,2025-12-01 09:01:33.183568,712,203.39,5.4,13.88,14.97,On Time
TR1150,T078,D008,R003,2026-07-13 09:01:33.185572,396,138.9,2.49,8.45,7.36,Late
TR1151,T073,D049,R008,2026-06-10 09:01:33.187560,318,107.58,2.8,7.0,6.02,Late
TR1152,T003,D018,R008,2026-01-27 09:01:33.189560,308,79.89,2.0,6.37,5.68,Late
TR1153,T055,D003,R005,2026-04-04 09:01:33.192593,638,165.88,3.85,13.88,11.65,Late
TR1154,T053,D008,R007,2025-12-26 09:01:33.194561,693,252.6,5.84,13.76,13.13,Late
TR1155,T093,D023,R004,2026-04-08 09:01:33.195560,348,134.16,2.01,6.29,5.92,Late
TR1156,T025,D034,R006,2026-05-24 09:01:33.198561,587,220.38,5.87,9.43,10.96,On Time
TR1157,T055,D003,R001,2026-08-15 09:01:33.199560,551,127.13,4.36,11.28,11.49,On Time
TR1158,T013,D042,R004,2025-10-31 09:01:33.201560,335,96.82,3.53,6.37,5.86,Late
TR1159,T033,D026,R001,2026-08-20 09:01:33.203560,562,206.95,5.1,11.41,11.57,On Time
TR1160,T067,D047,R003,2026-02-04 09:01:33.205561,410,137.89,3.45,9.69,8.89,Late
TR1161,T081,D018,R005,2026-08-30 09:01:33.207561,625,170.86,3.61,11.8,13.5,On Time
TR1162,T089,D040,R008,2026-08-19 09:01:33.209560,268,65.92,2.28,6.83,5.83,Late
TR1163,T081,D018,R005,2026-04-19 09:01:33.211560,624,237.12,5.63,12.14,11.31,Late
TR1164,T052,D041,R006,2025-10-14 09:01:33.213316,572,153.16,4.47,13.37,11.18,Late
TR1165,T059,D003,R004,2026-07-27 09:01:33.215386,358,104.42,2.56,7.64,6.96,Late
TR1166,T087,D015,R002,2026-07-23 09:01:33.217385,282,110.5,2.06,5.81,5.35,Late
TR1167,T077,D015,R008,2025-11-27 09:01:33.219380,309,117.26,2.12,5.05,5.44,On Time
TR1168,T066,D028,R008,2026-06-13 09:01:33.221385,280,87.21,2.23,5.89,5.36,Late
TR1169,T006,D037,R003,2025-10-18 09:01:33.223385,363,131.74,3.43,7.12,6.75,Late
TR1170,T040,D004,R007,2026-04-11 09:01:33.225381,713,166.96,5.05,11.44,12.59,On Time
TR1171,T038,D030,R007,2026-07-04 09:01:33.227377,699,157.41,2.29,14.75,13.25,Late
TR1172,T065,D046,R002,2026-06-08 09:01:33.229382,284,68.1,2.61,5.0,4.91,Late
TR1173,T082,D022,R001,2026-01-16 09:01:33.231379,605,208.44,4.62,12.16,13.14,On Time
TR1174,T060,D020,R006,2026-03-29 09:01:33.233382,604,155.48,4.44,11.25,10.45,Late
TR1175,T054,D038,R006,2026-08-26 09:01:33.235381,587,207.82,3.96,13.21,11.33,Late
TR1176,T001,D015,R008,2026-05-17 09:01:33.237381,304,103.19,2.45,6.89,6.27,Late
TR1177,T099,D023,R004,2026-02-24 09:01:33.239382,394,95.42,2.3,6.9,6.9,On Time
TR1178,T001,D015,R001,2026-07-06 09:01:33.241381,570,226.21,3.1,12.13,11.32,Late
TR1179,T025,D034,R003,2026-09-01 09:01:33.243381,400,108.95,2.38,6.14,7.08,On Time
TR1180,T037,D026,R008,2025-12-07 09:01:33.244381,275,93.6,2.23,5.17,5.62,On Time
TR1181,T026,D026,R004,2025-10-05 09:01:33.246381,335,117.46,2.23,6.1,6.85,On Time
TR1182,T084,D022,R007,2026-01-26 09:01:33.248381,726,170.02,3.22,13.54,14.5,On Time
TR1183,T048,D043,R001,2025-11-01 09:01:33.250381,589,207.2,5.32,13.02,11.13,Late
TR1184,T092,D018,R005,2026-06-11 09:01:33.252381,601,219.58,2.82,9.31,10.32,On Time
TR1185,T049,D007,R003,2026-05-14 09:01:33.253381,404,124.36,3.75,9.28,7.48,Late
TR1186,T098,D007,R005,2026-07-02 09:01:33.256381,636,173.08,3.4,10.64,11.0,On Time
TR1187,T007,D006,R006,2025-11-21 09:01:33.257381,606,148.12,5.51,12.42,10.43,Late
TR1188,T027,D015,R001,2026-08-14 09:01:33.259381,593,222.7,2.63,12.7,11.39,Late
TR1189,T050,D014,R008,2025-12-25 09:01:33.261381,312,73.16,2.44,5.54,5.54,On Time
TR1190,T042,D026,R001,2026-01-06 09:01:33.263385,592,182.28,3.79,12.14,10.68,Late
TR1191,T075,D027,R004,2026-06-02 09:01:33.265298,359,95.07,2.36,7.0,6.31,Late
TR1192,T026,D026,R001,2026-03-07 09:01:33.267319,575,136.05,4.15,10.98,11.29,On Time
TR1193,T048,D043,R007,2026-02-01 09:01:33.269296,692,192.16,4.63,13.01,14.72,On Time
TR1194,T030,D014,R008,2026-01-29 09:01:33.271295,301,116.56,2.44,5.62,5.71,On Time
TR1195,T053,D008,R008,2026-06-17 09:01:33.273296,287,69.85,2.42,5.79,5.77,Late
TR1196,T034,D009,R001,2026-01-03 09:01:33.275297,588,221.74,3.93,9.73,10.05,On Time
TR1197,T083,D025,R003,2026-08-11 09:01:33.277295,365,89.64,2.68,5.51,6.2,On Time
TR1198,T070,D020,R004,2025-10-02 09:01:33.279299,346,109.23,3.39,5.97,6.28,On Time
TR1199,T025,D034,R003,2025-12-12 09:01:33.281297,405,109.22,3.73,10.25,8.6,Late
TR1200,T002,D029,R006,2026-02-22 09:01:33.282296,615,198.45,5.75,12.48,10.73,Late
TR1201,T075,D027,R008,2026-07-02 09:01:33.284295,312,81.88,2.81,6.32,5.99,Late
TR1202,T030,D014,R003,2025-11-20 09:01:33.286292,374,94.76,3.49,7.33,7.77,On Time
TR1203,T097,D037,R003,2026-04-09 09:01:33.288298,389,98.61,3.61,8.74,7.49,Late
TR1204,T055,D003,R003,2025-12-05 09:01:33.290294,409,93.3,2.06,8.18,7.98,Late
TR1205,T018,D036,R007,2026-01-04 09:01:33.292294,712,167.63,6.1,16.44,14.36,Late
TR1206,T046,D035,R007,2025-09-28 09:01:33.294294,697,236.19,4.72,15.61,13.56,Late
TR1207,T042,D026,R004,2026-06-30 09:01:33.295294,371,145.69,3.6,7.96,6.53,Late
TR1208,T043,D027,R007,2026-02-28 09:01:33.297295,712,189.38,6.96,14.4,13.17,Late
TR1209,T027,D015,R007,2026-07-23 09:01:33.299296,736,224.3,3.66,12.84,13.88,On Time
TR1210,T058,D043,R003,2025-12-07 09:01:33.301291,400,93.25,2.34,7.69,8.62,On Time
TR1211,T089,D040,R007,2026-03-03 09:01:33.303291,714,205.34,3.44,13.11,14.94,On Time
TR1212,T030,D014,R007,2025-12-25 09:01:33.305291,694,181.72,2.06,13.16,15.07,On Time
TR1213,T042,D026,R003,2026-07-12 09:01:33.307291,415,96.07,3.02,10.17,8.16,Late
TR1214,T062,D002,R008,2026-07-12 09:01:33.309291,311,117.91,2.82,6.27,5.24,Late
TR1215,T040,D004,R003,2025-11-26 09:01:33.311294,387,93.57,3.78,6.43,7.04,On Time
TR1216,T076,D016,R006,2026-09-13 09:01:33.313292,578,164.91,5.92,10.04,10.46,On Time
TR1217,T058,D043,R003,2026-04-01 09:01:33.314289,364,87.73,3.73,6.38,6.73,On Time
TR1218,T063,D007,R004,2025-10-21 09:01:33.316293,363,105.97,3.44,7.06,7.96,On Time
TR1219,T059,D003,R003,2025-11-07 09:01:33.318298,382,97.93,3.56,6.65,6.86,On Time
TR1220,T023,D004,R003,2026-01-25 09:01:33.320297,386,128.74,2.73,7.55,6.6,Late
TR1221,T085,D050,R001,2026-08-25 09:01:33.322291,558,143.19,2.9,13.58,12.02,Late
TR1222,T021,D010,R006,2026-08-13 09:01:33.324296,583,136.69,4.76,12.27,10.99,Late
TR1223,T093,D023,R008,2025-12-07 09:01:33.326296,321,109.39,2.11,7.64,6.13,Late
TR1224,T048,D043,R007,2026-02-19 09:01:33.327295,680,169.54,4.28,15.03,12.94,Late
TR1225,T033,D026,R007,2025-09-26 09:01:33.329295,689,196.18,5.42,11.67,13.27,On Time
TR1226,T060,D020,R008,2026-08-28 09:01:33.331289,288,90.36,2.01,5.24,5.65,On Time
TR1227,T015,D038,R006,2026-01-11 09:01:33.333295,611,140.97,3.83,14.07,12.24,Late
TR1228,T011,D050,R005,2026-01-18 09:01:33.335291,632,165.7,5.5,11.63,11.35,Late
TR1229,T021,D010,R002,2026-07-15 09:01:33.337288,242,57.94,2.33,4.12,4.47,On Time
TR1230,T051,D041,R002,2026-06-30 09:01:33.339296,242,91.14,2.27,4.81,4.29,Late
TR1231,T023,D004,R003,2026-02-02 09:01:33.340296,373,94.94,3.32,6.79,6.39,Late
TR1232,T082,D022,R003,2026-07-26 09:01:33.342295,411,115.91,2.74,8.33,7.48,Late
TR1233,T040,D004,R007,2026-06-05 09:01:33.344296,704,270.27,6.7,18.1,15.62,Late
TR1234,T048,D043,R001,2026-09-09 09:01:33.346294,605,203.22,3.27,13.29,13.05,Late
TR1235,T025,D034,R007,2025-10-11 09:01:33.347254,719,187.34,2.85,17.9,14.88,Late
TR1236,T022,D032,R004,2025-12-03 09:01:33.349380,336,100.86,3.03,7.07,7.21,On Time
TR1237,T080,D017,R004,2026-05-21 09:01:33.351380,347,79.43,2.35,6.95,6.81,Late
TR1238,T046,D035,R001,2026-03-01 09:01:33.353380,567,199.14,2.8,10.85,11.11,On Time
TR1239,T029,D003,R005,2026-08-25 09:01:33.354375,601,157.5,2.29,13.44,12.22,Late
TR1240,T028,D001,R008,2026-07-26 09:01:33.356378,290,93.46,2.67,6.68,5.37,Late
TR1241,T073,D049,R004,2025-10-28 09:01:33.358381,344,114.52,3.14,7.26,7.41,On Time
TR1242,T087,D015,R003,2025-10-26 09:01:33.360377,419,94.27,3.45,7.43,7.56,On Time
TR1243,T089,D040,R006,2026-09-07 09:01:33.361377,586,131.51,4.41,9.35,10.66,On Time
TR1244,T075,D027,R001,2025-11-20 09:01:33.363381,575,176.12,4.66,9.93,10.53,On Time
TR1245,T002,D029,R002,2026-05-18 09:01:33.365348,246,96.76,2.46,3.92,4.36,On Time
TR1246,T097,D037,R005,2026-04-18 09:01:33.367348,612,163.66,2.86,13.33,13.33,On Time
TR1247,T049,D007,R001,2026-02-01 09:01:33.369346,560,147.99,4.79,13.15,11.53,Late
TR1248,T043,D027,R006,2025-12-24 09:01:33.370348,574,187.81,5.14,12.12,10.5,Late
TR1249,T054,D038,R001,2026-03-31 09:01:33.372348,588,142.53,3.29,9.84,10.45,On Time
TR1250,T027,D015,R005,2025-09-30 09:01:33.374347,631,241.93,4.97,13.38,10.74,Late
TR1251,T029,D003,R008,2025-10-29 09:01:33.376346,302,71.14,2.01,5.28,5.72,On Time
TR1252,T063,D007,R001,2026-06-04 09:01:33.377348,551,125.02,2.47,15.01,12.04,Late
TR1253,T023,D004,R004,2025-12-31 09:01:33.379346,371,103.12,2.13,6.08,6.52,On Time
TR1254,T093,D023,R001,2026-06-18 09:01:33.381235,576,184.44,4.28,9.78,10.32,On Time
TR1255,T039,D013,R002,2026-01-13 09:01:33.383234,250,68.44,2.05,3.91,4.2,On Time
TR1256,T047,D016,R007,2025-11-08 09:01:33.384234,701,215.33,5.72,13.73,13.47,Late
TR1257,T098,D007,R006,2026-03-05 09:01:33.386234,575,138.92,3.69,8.67,10.1,On Time
TR1258,T011,D050,R006,2025-12-07 09:01:33.388238,614,142.36,4.88,13.2,12.4,Late
TR1259,T033,D026,R006,2025-11-10 09:01:33.390234,590,172.15,3.9,11.39,11.39,On Time
TR1260,T043,D027,R003,2026-09-14 09:01:33.391229,368,93.65,2.02,9.34,7.68,Late
TR1261,T065,D046,R003,2026-02-26 09:01:33.393238,406,102.77,3.84,9.46,7.75,Late
TR1262,T048,D043,R008,2026-02-19 09:01:33.395232,288,82.78,2.83,5.72,5.27,Late
TR1263,T016,D049,R004,2026-05-09 09:01:33.397180,358,82.03,3.26,8.72,7.55,Late
TR1264,T097,D037,R007,2026-03-12 09:01:33.398332,722,225.83,5.52,14.33,12.98,Late
TR1265,T084,D022,R001,2026-08-30 09:01:33.400328,571,131.17,5.47,9.65,10.19,On Time
TR1266,T047,D016,R008,2026-07-03 09:01:33.402331,304,77.69,2.25,7.47,6.69,Late
TR1267,T059,D003,R002,2025-10-12 09:01:33.403333,292,75.61,2.52,6.52,5.98,Late
TR1268,T002,D029,R008,2026-02-25 09:01:33.405328,271,67.05,2.66,6.04,4.96,Late
TR1269,T011,D050,R004,2026-02-10 09:01:33.407329,367,84.96,2.41,5.78,6.31,On Time
TR1270,T039,D013,R002,2026-04-12 09:01:33.409330,264,59.52,2.46,4.82,4.81,Late
TR1271,T097,D037,R004,2025-11-27 09:01:33.410328,390,89.68,3.27,6.01,6.72,On Time
TR1272,T045,D021,R001,2026-02-25 09:01:33.412330,599,215.05,4.64,13.01,10.65,Late
TR1273,T001,D015,R007,2025-09-25 09:01:33.414202,686,165.99,4.11,13.38,15.24,On Time
TR1274,T054,D038,R008,2026-06-13 09:01:33.416284,305,99.13,2.66,5.46,5.93,On Time
TR1275,T026,D026,R003,2026-05-31 09:01:33.418295,391,136.52,2.35,6.8,6.6,Late
TR1276,T008,D011,R002,2026-02-19 09:01:33.419290,279,97.37,2.27,4.72,4.95,On Time
TR1277,T080,D017,R007,2026-03-07 09:01:33.421290,682,160.97,2.63,13.89,14.36,On Time
TR1278,T009,D039,R007,2026-07-27 09:01:33.423294,697,272.34,2.05,14.99,14.36,Late
TR1279,T035,D029,R005,2026-08-26 09:01:33.424289,645,146.24,2.41,13.67,11.73,Late
TR1280,T067,D047,R007,2026-05-03 09:01:33.426289,726,288.72,6.72,16.72,13.43,Late
TR1281,T061,D022,R002,2026-03-25 09:01:33.428294,280,88.22,2.62,5.43,5.44,On Time
TR1282,T031,D031,R005,2026-03-18 09:01:33.430611,657,203.88,5.73,14.11,12.89,Late
TR1283,T013,D042,R005,2026-07-07 09:01:33.431721,597,174.88,2.11,12.27,10.76,Late
TR1284,T016,D049,R003,2026-05-12 09:01:33.433716,415,116.53,2.7,8.05,7.0,Late
TR1285,T080,D017,R003,2026-06-12 09:01:33.435716,403,105.56,2.01,7.85,7.73,Late
TR1286,T082,D022,R004,2026-08-24 09:01:33.436716,394,95.51,3.59,8.66,8.71,On Time
TR1287,T095,D031,R001,2025-11-07 09:01:33.438716,567,147.05,4.99,12.2,11.69,Late
TR1288,T045,D021,R007,2025-10-14 09:01:33.440717,703,160.57,6.34,12.37,11.89,Late
TR1289,T013,D042,R001,2025-12-24 09:01:33.442720,593,181.36,5.3,12.44,10.96,Late
TR1290,T092,D018,R004,2025-10-07 09:01:33.443716,366,142.77,3.63,6.18,6.98,On Time
TR1291,T060,D020,R001,2025-12-14 09:01:33.445719,557,129.75,2.91,9.79,9.39,Late
TR1292,T028,D001,R003,2026-02-06 09:01:33.448280,370,92.35,3.89,5.97,6.74,On Time
TR1293,T004,D007,R002,2026-04-26 09:01:33.449275,242,55.53,2.14,4.87,4.85,Late
TR1294,T033,D026,R003,2026-07-09 09:01:33.451274,402,116.43,3.75,6.19,6.88,On Time
TR1295,T082,D022,R001,2026-05-25 09:01:33.453280,593,170.21,5.51,10.24,10.42,On Time
TR1296,T099,D023,R001,2026-03-05 09:01:33.454278,606,163.72,4.47,11.1,11.09,Late
TR1297,T072,D043,R006,2026-04-21 09:01:33.456278,620,183.76,2.35,12.19,12.78,On Time
TR1298,T012,D018,R003,2026-07-19 09:01:33.458280,381,95.7,3.09,7.4,6.45,Late
TR1299,T017,D039,R005,2026-04-10 09:01:33.460277,651,208.2,2.26,14.7,12.84,Late
TR1300,T069,D044,R001,2026-03-14 09:01:33.462279,559,133.28,5.01,9.15,9.36,On Time
TR1301,T017,D039,R002,2026-09-12 09:01:33.464280,265,69.24,2.33,4.39,4.92,On Time
TR1302,T059,D003,R007,2026-01-04 09:01:33.465277,696,249.52,5.44,13.95,11.77,Late
TR1303,T019,D008,R007,2025-09-22 09:01:33.467277,714,232.82,2.17,15.11,12.7,Late
TR1304,T041,D033,R006,2025-09-20 09:01:33.469276,585,166.92,4.27,10.14,10.57,On Time
TR1305,T081,D018,R006,2026-08-17 09:01:33.471276,619,211.16,5.89,15.51,12.54,Late
TR1306,T043,D027,R001,2026-05-24 09:01:33.472277,556,133.79,4.64,13.2,11.55,Late
TR1307,T007,D006,R002,2026-02-28 09:01:33.474276,291,68.78,2.19,6.37,6.1,Late
TR1308,T085,D050,R003,2026-03-28 09:01:33.476276,418,99.59,2.8,7.46,6.98,Late
TR1309,T061,D022,R007,2026-04-25 09:01:33.478280,698,173.83,3.43,14.56,13.72,Late
TR1310,T025,D034,R008,2025-11-23 09:01:33.480278,308,73.12,2.81,5.46,6.05,On Time
TR1311,T007,D006,R004,2025-11-25 09:01:33.481974,388,88.8,2.23,8.71,7.83,Late
TR1312,T090,D042,R005,2026-06-08 09:01:33.483177,627,203.43,5.14,12.46,13.29,On Time
TR1313,T002,D029,R007,2026-07-03 09:01:33.485172,699,176.88,3.91,14.61,13.03,Late
TR1314,T055,D003,R001,2026-01-17 09:01:33.487172,590,141.04,2.68,8.9,10.02,On Time
TR1315,T007,D006,R002,2026-07-02 09:01:33.489173,239,53.58,2.39,4.75,4.37,Late
TR1316,T052,D041,R005,2025-09-29 09:01:33.490173,612,238.32,4.55,13.16,12.59,Late
TR1317,T023,D004,R003,2025-10-08 09:01:33.492170,401,100.49,3.25,8.82,7.08,Late
TR1318,T100,D027,R005,2025-10-17 09:01:33.494171,626,148.0,3.9,10.97,11.43,On Time
TR1319,T002,D029,R008,2025-12-30 09:01:33.496170,271,99.15,2.21,6.41,5.79,Late
TR1320,T076,D016,R002,2026-07-30 09:01:33.497927,268,59.89,2.49,5.78,5.13,Late
TR1321,T024,D049,R006,2025-11-28 09:01:33.499263,590,170.11,2.5,11.04,10.79,Late
TR1322,T042,D026,R004,2026-02-21 09:01:33.501259,338,86.06,3.33,6.21,5.83,Late
TR1323,T003,D018,R001,2026-01-09 09:01:33.503302,572,158.36,2.24,12.67,10.78,Late
TR1324,T075,D027,R008,2026-06-02 09:01:33.504260,298,75.88,2.91,4.71,5.24,On Time
TR1325,T016,D049,R005,2026-01-31 09:01:33.506259,608,143.94,5.42,9.35,10.97,On Time
TR1326,T016,D049,R005,2025-12-03 09:01:33.508262,599,217.22,3.1,11.39,12.45,On Time
TR1327,T097,D037,R008,2025-12-12 09:01:33.510259,266,99.65,2.16,5.51,5.68,On Time
TR1328,T085,D050,R006,2026-04-19 09:01:33.511259,566,188.88,4.61,15.22,12.39,Late
TR1329,T057,D012,R004,2026-03-20 09:01:33.513264,342,93.59,2.99,6.53,6.17,Late
TR1330,T066,D028,R008,2026-08-29 09:01:33.515814,277,71.47,2.18,4.37,5.04,On Time
TR1331,T039,D013,R005,2026-05-29 09:01:33.517806,651,156.29,4.53,11.97,10.97,Late
TR1332,T036,D049,R005,2026-05-06 09:01:33.519807,605,152.85,3.63,12.61,11.79,Late
TR1333,T021,D010,R005,2025-09-26 09:01:33.521810,622,182.29,2.61,11.78,10.51,Late
TR1334,T027,D015,R003,2025-10-21 09:01:33.522807,364,96.83,2.37,8.19,7.42,Late
TR1335,T048,D043,R006,2026-02-14 09:01:33.524812,602,157.81,5.25,11.47,10.5,Late
TR1336,T041,D033,R002,2026-08-08 09:01:33.526812,282,83.75,2.17,6.78,6.21,Late
TR1337,T069,D044,R001,2026-08-02 09:01:33.528812,554,143.23,3.37,10.64,10.84,On Time
TR1338,T043,D027,R002,2026-09-11 09:01:33.531152,281,92.24,2.06,4.55,4.84,On Time
TR1339,T029,D003,R004,2025-12-21 09:01:33.533134,358,81.3,3.19,5.68,6.31,On Time
TR1340,T040,D004,R003,2025-09-23 09:01:33.535103,397,95.83,3.09,8.05,7.58,Late
TR1341,T037,D026,R003,2026-04-07 09:01:33.536099,395,129.84,3.8,7.39,8.5,On Time
TR1342,T050,D014,R003,2025-12-18 09:01:33.538103,371,116.29,3.05,8.18,6.61,Late
TR1343,T052,D041,R006,2026-06-29 09:01:33.540104,596,161.75,4.6,13.71,12.19,Late
TR1344,T019,D008,R002,2025-10-24 09:01:33.542102,256,70.42,2.6,6.35,5.22,Late
TR1345,T091,D025,R004,2026-06-15 09:01:33.543099,383,127.74,2.72,8.02,7.08,Late
TR1346,T046,D035,R002,2025-12-24 09:01:33.545102,283,82.33,2.58,7.07,5.74,Late
TR1347,T030,D014,R008,2026-04-09 09:01:33.547778,283,75.04,2.79,5.94,6.11,On Time
TR1348,T082,D022,R007,2025-11-26 09:01:33.549781,681,256.65,2.29,12.43,14.01,On Time
TR1349,T096,D011,R003,2026-02-11 09:01:33.551778,378,104.76,3.29,8.65,7.21,Late
TR1350,T094,D016,R008,2025-12-18 09:01:33.553776,272,78.63,2.66,6.45,5.16,Late
TR1351,T052,D041,R003,2026-02-11 09:01:33.555781,360,96.45,3.33,7.05,6.14,Late
TR1352,T096,D011,R002,2025-12-20 09:01:33.556779,254,84.99,2.42,5.57,4.53,Late
TR1353,T006,D037,R006,2025-12-22 09:01:33.558781,604,177.79,5.58,15.53,12.71,Late
TR1354,T023,D004,R007,2026-08-21 09:01:33.560778,680,210.26,4.14,14.34,14.47,On Time
TR1355,T049,D007,R006,2026-05-12 09:01:33.562784,576,177.42,5.29,14.99,12.33,Late
TR1356,T099,D023,R005,2026-05-30 09:01:33.564585,651,237.96,2.01,12.72,13.15,On Time
TR1357,T081,D018,R008,2025-10-22 09:01:33.566581,300,91.26,2.48,6.23,5.1,Late
TR1358,T005,D035,R004,2026-03-18 09:01:33.567588,393,114.71,2.01,7.57,7.24,Late
TR1359,T059,D003,R008,2026-06-13 09:01:33.569582,285,92.03,2.38,6.05,6.11,On Time
TR1360,T002,D029,R006,2026-06-30 09:01:33.571579,572,170.16,3.63,12.67,11.93,Late
TR1361,T063,D007,R005,2026-02-26 09:01:33.573580,597,212.36,3.6,10.23,10.88,On Time
TR1362,T047,D016,R002,2026-02-04 09:01:33.575610,259,60.45,2.41,4.67,4.88,On Time
TR1363,T057,D012,R004,2025-09-18 09:01:33.576581,344,123.75,2.33,5.22,6.12,On Time
TR1364,T025,D034,R007,2026-08-31 09:01:33.579578,694,268.94,2.81,15.64,13.63,Late
TR1365,T026,D026,R005,2026-02-13 09:01:33.580869,657,189.96,4.09,11.43,11.95,On Time
TR1366,T064,D039,R005,2026-02-24 09:01:33.582595,648,167.72,4.14,15.89,13.81,Late
TR1367,T095,D031,R003,2026-09-06 09:01:33.584747,413,99.49,2.24,10.84,8.79,Late
TR1368,T045,D021,R008,2026-03-25 09:01:33.586746,296,117.12,2.4,4.67,5.36,On Time
TR1369,T077,D015,R006,2026-08-05 09:01:33.587751,613,243.64,5.01,11.3,11.74,On Time
TR1370,T032,D028,R005,2026-07-20 09:01:33.589746,636,226.74,5.69,11.47,12.08,On Time
TR1371,T090,D042,R006,2026-07-26 09:01:33.591747,581,151.59,4.78,11.75,11.3,Late
TR1372,T065,D046,R005,2025-10-27 09:01:33.592752,636,222.19,2.64,11.54,10.62,Late
TR1373,T016,D049,R006,2026-07-04 09:01:33.594746,574,173.8,3.69,10.84,11.69,On Time
TR1374,T079,D040,R003,2026-04-13 09:01:33.596746,372,138.71,3.33,8.24,8.13,Late
TR1375,T030,D014,R003,2025-10-22 09:01:33.598619,374,117.89,2.1,7.56,7.17,Late
TR1376,T015,D038,R004,2026-05-13 09:01:33.600593,351,108.76,2.52,6.73,5.93,Late
TR1377,T007,D006,R005,2026-05-31 09:01:33.602600,608,235.5,3.22,15.24,13.28,Late
TR1378,T036,D049,R001,2026-01-08 09:01:33.603593,605,162.94,3.37,11.18,11.76,On Time
TR1379,T039,D013,R003,2026-07-12 09:01:33.605593,367,136.24,2.63,8.69,8.12,Late
TR1380,T095,D031,R003,2026-03-10 09:01:33.607601,411,127.53,2.45,7.7,7.25,Late
TR1381,T036,D049,R003,2025-10-29 09:01:33.609593,373,101.67,3.41,7.18,8.05,On Time
TR1382,T016,D049,R006,2026-06-11 09:01:33.610593,568,154.64,2.76,10.76,9.68,Late
TR1383,T058,D043,R008,2026-04-15 09:01:33.612599,323,119.75,2.68,5.99,5.46,Late
TR1384,T098,D007,R007,2026-02-14 09:01:33.614598,688,192.87,4.79,13.1,14.54,On Time
TR1385,T033,D026,R007,2026-03-23 09:01:33.616967,733,172.3,6.53,15.38,12.68,Late
TR1386,T058,D043,R002,2026-02-14 09:01:33.617969,272,69.13,2.32,4.07,4.64,On Time
TR1387,T065,D046,R003,2026-07-12 09:01:33.619965,410,161.18,2.55,8.57,7.59,Late
TR1388,T073,D049,R003,2026-02-25 09:01:33.621964,363,88.78,2.94,7.51,6.55,Late
TR1389,T069,D044,R001,2025-12-30 09:01:33.622970,602,170.68,3.45,13.38,13.05,Late
TR1390,T100,D027,R007,2026-06-27 09:01:33.625966,700,212.01,4.89,13.17,14.26,On Time
TR1391,T076,D016,R004,2026-01-02 09:01:33.628963,378,150.14,3.16,6.76,6.41,Late
TR1392,T068,D026,R007,2025-12-08 09:01:33.632710,692,222.74,2.6,16.24,14.33,Late
TR1393,T029,D003,R005,2026-04-27 09:01:33.634881,599,167.92,5.96,13.41,12.13,Late
TR1394,T035,D029,R001,2026-06-01 09:01:33.637879,602,147.5,4.02,10.46,11.02,On Time
TR1395,T001,D015,R007,2026-08-05 09:01:33.639879,717,224.42,6.79,13.23,13.26,On Time
TR1396,T071,D029,R007,2026-04-03 09:01:33.642879,692,175.45,6.99,14.82,13.54,Late
TR1397,T081,D018,R007,2026-04-26 09:01:33.644880,728,288.8,2.89,16.52,14.46,Late
TR1398,T003,D018,R004,2025-11-22 09:01:33.648119,368,96.47,2.17,7.77,6.34,Late
TR1399,T096,D011,R006,2025-10-27 09:01:33.650656,610,186.89,4.39,13.33,11.13,Late
TR1400,T027,D015,R002,2025-10-29 09:01:33.653653,284,83.92,2.5,5.31,5.7,On Time
TR1401,T097,D037,R006,2026-03-12 09:01:33.655654,591,210.22,2.59,13.9,12.19,Late
TR1402,T062,D002,R007,2026-06-18 09:01:33.658651,681,195.02,2.96,15.43,13.12,Late
TR1403,T063,D007,R006,2026-06-25 09:01:33.660655,626,158.12,5.51,9.82,11.44,On Time
TR1404,T051,D041,R007,2026-05-14 09:01:33.663658,719,193.51,4.3,13.73,15.62,On Time
TR1405,T083,D025,R008,2026-09-10 09:01:33.665656,289,107.02,2.57,6.23,5.46,Late
TR1406,T049,D007,R005,2025-10-22 09:01:33.668653,621,244.35,5.99,12.5,10.82,Late
TR1407,T017,D039,R001,2025-11-13 09:01:33.670655,562,139.1,2.05,14.06,11.47,Late
TR1408,T002,D029,R008,2025-09-19 09:01:33.673652,314,115.75,2.08,5.52,5.6,On Time
TR1409,T018,D036,R004,2026-04-12 09:01:33.675655,364,90.56,2.54,7.33,6.23,Late
TR1410,T020,D033,R001,2026-07-15 09:01:33.677658,562,215.18,2.08,11.18,10.15,Late
TR1411,T006,D037,R001,2026-02-16 09:01:33.679668,553,154.07,2.53,14.31,11.88,Late
TR1412,T029,D003,R004,2026-04-23 09:01:33.681682,335,113.43,2.37,6.54,6.6,On Time
TR1413,T088,D043,R007,2026-01-08 09:01:33.683682,700,180.71,2.86,15.21,12.56,Late
TR1414,T015,D038,R002,2025-11-05 09:01:33.685683,246,90.99,2.21,4.12,4.15,On Time
TR1415,T047,D016,R007,2026-07-01 09:01:33.687681,735,168.99,2.9,13.77,15.88,On Time
TR1416,T068,D026,R001,2025-10-10 09:01:33.689683,568,153.55,4.59,9.36,10.29,On Time
TR1417,T080,D017,R007,2026-01-04 09:01:33.691682,728,236.82,5.35,12.0,12.52,On Time
TR1418,T034,D009,R006,2026-07-02 09:01:33.692684,617,143.02,5.08,12.62,10.83,Late
TR1419,T019,D008,R004,2026-01-15 09:01:33.694681,354,126.63,3.34,8.01,6.85,Late
TR1420,T015,D038,R008,2026-04-04 09:01:33.696683,300,89.42,2.94,4.88,5.37,On Time
TR1421,T024,D049,R008,2025-09-26 09:01:33.698582,313,95.72,2.91,6.41,6.29,Late
TR1422,T078,D008,R007,2026-05-14 09:01:33.700742,726,192.41,3.94,18.93,15.42,Late
TR1423,T071,D029,R001,2026-05-22 09:01:33.702743,578,161.57,3.45,11.74,11.03,Late
TR1424,T075,D027,R008,2026-05-27 09:01:33.703743,309,92.41,2.66,6.49,5.76,Late
TR1425,T031,D031,R004,2025-12-05 09:01:33.705743,357,142.47,2.78,5.11,5.96,On Time
TR1426,T018,D036,R002,2026-07-07 09:01:33.707743,290,106.61,2.18,4.91,4.94,On Time
TR1427,T019,D008,R005,2026-05-15 09:01:33.708749,650,154.52,2.9,13.26,10.91,Late
TR1428,T029,D003,R006,2026-07-05 09:01:33.710740,569,142.46,3.49,13.73,12.17,Late
TR1429,T004,D007,R003,2025-10-12 09:01:33.712745,404,91.2,3.11,9.03,7.99,Late
TR1430,T062,D002,R007,2026-07-06 09:01:33.714539,729,197.68,2.4,13.99,15.39,On Time
TR1431,T010,D025,R002,2026-06-15 09:01:33.716697,232,63.76,2.29,3.69,4.06,On Time
TR1432,T018,D036,R007,2026-03-28 09:01:33.717703,723,203.38,4.25,12.67,12.21,Late
TR1433,T083,D025,R008,2025-10-23 09:01:33.719697,308,121.91,2.03,5.77,6.6,On Time
TR1434,T097,D037,R008,2025-10-03 09:01:33.721696,275,78.42,2.89,7.2,6.09,Late
TR1435,T059,D003,R003,2026-04-13 09:01:33.723697,395,100.69,3.35,8.72,8.08,Late
TR1436,T055,D003,R003,2026-07-14 09:01:33.724697,419,148.92,3.41,7.44,7.03,Late
TR1437,T052,D041,R006,2025-12-04 09:01:33.726698,605,231.62,4.4,14.02,11.89,Late
TR1438,T010,D025,R003,2026-02-21 09:01:33.728697,412,106.05,3.57,8.78,7.9,Late
TR1439,T022,D032,R006,2026-07-23 09:01:33.730064,569,138.55,2.41,9.65,10.4,On Time
TR1440,T047,D016,R004,2026-06-25 09:01:33.731810,372,91.68,2.89,7.04,7.44,On Time
TR1441,T009,D039,R002,2025-12-08 09:01:33.733975,245,66.32,2.13,4.24,4.35,On Time
TR1442,T005,D035,R007,2025-12-02 09:01:33.735974,691,227.43,6.99,12.46,11.58,Late
TR1443,T062,D002,R001,2026-03-18 09:01:33.736974,549,211.47,4.83,11.52,11.83,On Time
TR1444,T051,D041,R003,2026-07-12 09:01:33.738974,392,135.65,3.34,7.95,6.97,Late
TR1445,T013,D042,R005,2026-07-02 09:01:33.740974,618,186.45,2.1,9.8,11.01,On Time
TR1446,T049,D007,R006,2026-07-01 09:01:33.742980,596,162.28,4.7,9.96,10.31,On Time
TR1447,T011,D050,R004,2026-05-29 09:01:33.743975,390,103.95,3.32,6.2,6.58,On Time
TR1448,T084,D022,R001,2025-12-26 09:01:33.745974,556,137.7,5.74,14.49,11.73,Late
TR1449,T078,D008,R004,2026-07-11 09:01:33.748649,375,105.74,2.56,6.82,6.63,Late
TR1450,T047,D016,R007,2025-10-02 09:01:33.749608,715,169.76,3.96,16.76,13.89,Late
TR1451,T027,D015,R006,2026-01-05 09:01:33.751792,605,162.91,2.39,10.97,10.19,Late
TR1452,T002,D029,R003,2026-08-03 09:01:33.753791,369,91.5,2.95,8.89,7.43,Late
TR1453,T059,D003,R004,2025-11-25 09:01:33.755789,354,124.67,2.6,6.28,7.16,On Time
TR1454,T012,D018,R005,2026-01-17 09:01:33.756789,601,210.26,6.18,10.12,10.62,On Time
TR1455,T098,D007,R006,2025-11-29 09:01:33.758789,622,183.8,3.93,12.96,10.57,Late
TR1456,T047,D016,R004,2025-10-03 09:01:33.760792,388,126.25,2.21,8.33,7.59,Late
TR1457,T047,D016,R003,2025-10-02 09:01:33.761790,392,93.56,2.79,6.61,6.61,On Time
TR1458,T058,D043,R001,2025-10-22 09:01:33.763882,563,132.32,2.22,8.15,9.4,On Time
TR1459,T032,D028,R002,2026-04-21 09:01:33.765990,276,66.63,2.23,7.29,6.12,Late
TR1460,T073,D049,R002,2025-10-09 09:01:33.767991,257,61.08,2.06,6.38,5.32,Late
TR1461,T060,D020,R001,2026-08-04 09:01:33.769988,576,152.18,2.68,10.2,9.85,Late
TR1462,T014,D009,R001,2026-02-23 09:01:33.770988,605,136.91,3.24,12.15,11.87,Late
TR1463,T041,D033,R001,2026-01-16 09:01:33.772994,568,126.42,2.43,12.28,10.86,Late
TR1464,T059,D003,R004,2026-05-30 09:01:33.774988,336,93.59,2.53,5.15,5.67,On Time
TR1465,T005,D035,R005,2026-02-08 09:01:33.775990,635,156.85,6.18,16.22,13.82,Late
TR1466,T028,D001,R002,2026-02-12 09:01:33.777992,235,80.4,2.17,5.97,5.18,Late
TR1467,T082,D022,R008,2026-04-17 09:01:33.779988,275,103.11,2.82,6.04,5.97,Late
TR1468,T058,D043,R008,2026-06-14 09:01:33.781901,319,95.52,2.78,7.99,6.62,Late
TR1469,T012,D018,R007,2026-06-24 09:01:33.783896,733,170.34,3.0,16.83,14.62,Late
TR1470,T054,D038,R007,2025-09-25 09:01:33.785897,706,204.58,4.21,11.67,12.76,On Time
TR1471,T089,D040,R005,2025-11-15 09:01:33.787912,633,193.09,2.85,16.31,14.02,Late
TR1472,T093,D023,R005,2026-04-07 09:01:33.788899,639,174.73,2.06,15.12,13.55,Late
TR1473,T059,D003,R006,2025-10-06 09:01:33.790895,625,223.62,3.61,9.65,10.78,On Time
TR1474,T067,D047,R005,2026-07-14 09:01:33.792898,643,256.45,4.71,14.69,12.42,Late
TR1475,T082,D022,R007,2026-02-13 09:01:33.794898,713,264.57,5.52,18.34,14.77,Late
TR1476,T100,D027,R001,2026-06-11 09:01:33.795892,557,150.46,5.66,10.79,11.55,On Time
TR1477,T074,D002,R005,2026-04-12 09:01:33.797655,597,184.23,4.14,11.48,11.83,On Time
TR1478,T016,D049,R001,2026-03-20 09:01:33.799744,591,168.94,3.33,10.0,9.85,Late
TR1479,T070,D020,R001,2026-06-18 09:01:33.801743,574,161.86,3.73,9.1,10.16,On Time
TR1480,T048,D043,R008,2026-04-24 09:01:33.803745,275,76.27,2.79,5.94,5.8,Late
TR1481,T089,D040,R002,2026-07-28 09:01:33.804745,275,81.48,2.62,6.13,5.58,Late
TR1482,T014,D009,R003,2026-01-05 09:01:33.806743,365,96.07,3.42,6.83,6.73,Late
TR1483,T080,D017,R005,2026-08-31 09:01:33.808744,656,182.76,4.85,12.66,12.04,Late
TR1484,T054,D038,R007,2026-06-08 09:01:33.810744,689,233.9,6.33,13.33,13.3,Late
TR1485,T016,D049,R002,2025-10-21 09:01:33.812742,254,57.27,2.44,4.4,4.33,Late
TR1486,T095,D031,R001,2026-04-24 09:01:33.814737,572,227.42,3.01,10.62,11.3,On Time
TR1487,T085,D050,R001,2025-10-07 09:01:33.816828,563,180.75,2.91,11.68,9.62,Late
TR1488,T054,D038,R007,2025-12-25 09:01:33.818822,678,267.87,6.15,14.33,14.33,On Time
TR1489,T077,D015,R002,2026-05-16 09:01:33.820825,252,79.49,2.34,5.29,4.24,Late
TR1490,T051,D041,R005,2025-11-25 09:01:33.822821,609,163.16,3.83,10.41,11.96,On Time
TR1491,T082,D022,R008,2025-12-26 09:01:33.824823,288,64.65,2.15,7.33,6.05,Late
TR1492,T030,D014,R005,2025-11-25 09:01:33.825822,603,153.82,5.35,11.54,12.86,On Time
TR1493,T098,D007,R007,2026-04-04 09:01:33.827823,716,165.23,3.03,11.37,12.44,On Time
TR1494,T012,D018,R003,2026-09-02 09:01:33.829822,361,106.97,3.17,7.21,6.63,Late
TR1495,T070,D020,R006,2026-07-12 09:01:33.831833,624,140.39,5.89,10.02,11.65,On Time
TR1496,T082,D022,R002,2026-05-26 09:01:33.833828,272,67.07,2.18,6.32,5.69,Late
TR1497,T069,D044,R007,2026-05-06 09:01:33.834828,729,243.77,5.34,14.97,12.86,Late
TR1498,T036,D049,R006,2025-11-24 09:01:33.836830,571,130.67,5.43,11.6,10.49,Late
TR1499,T015,D038,R006,2026-05-05 09:01:33.838827,595,136.64,5.54,11.52,12.7,On Time
TR1500,T012,D018,R003,2026-02-28 09:01:33.840827,364,104.34,2.19,8.56,7.22,Late
TR1501,T003,D018,R004,2025-09-30 09:01:33.842832,360,136.0,2.69,5.34,6.06,On Time
TR1502,T041,D033,R001,2026-09-11 09:01:33.844828,587,135.99,5.41,9.48,10.28,On Time
TR1503,T085,D050,R005,2026-03-25 09:01:33.845828,633,168.24,6.24,9.82,10.95,On Time
TR1504,T062,D002,R002,2026-05-09 09:01:33.847832,271,73.24,2.57,6.36,6.01,Late
TR1505,T025,D034,R004,2026-06-30 09:01:33.849827,372,145.36,2.35,8.65,8.2,Late
TR1506,T047,D016,R002,2026-08-05 09:01:33.851826,239,55.62,2.45,4.76,5.26,On Time
TR1507,T017,D039,R007,2025-09-19 09:01:33.852832,693,227.41,4.79,12.81,14.44,On Time
TR1508,T038,D030,R007,2026-02-24 09:01:33.854826,705,176.67,6.67,14.18,13.44,Late
TR1509,T033,D026,R003,2026-02-27 09:01:33.856826,371,128.12,2.2,7.31,6.43,Late
TR1510,T099,D023,R005,2026-01-10 09:01:33.857832,634,203.0,3.85,13.72,11.14,Late
TR1511,T058,D043,R006,2026-07-23 09:01:33.859829,593,160.59,4.4,11.81,12.08,On Time
TR1512,T055,D003,R006,2026-08-15 09:01:33.861828,578,159.04,3.78,12.6,11.42,Late
TR1513,T005,D035,R001,2025-10-21 09:01:33.863445,579,192.61,5.58,12.36,11.32,Late
TR1514,T068,D026,R004,2026-02-09 09:01:33.865524,356,107.99,3.3,8.94,7.62,Late
TR1515,T046,D035,R003,2026-04-09 09:01:33.867530,375,141.76,2.23,6.83,6.84,On Time
TR1516,T041,D033,R006,2026-04-05 09:01:33.868528,610,241.89,5.56,12.66,12.22,Late
TR1517,T072,D043,R005,2026-07-26 09:01:33.870523,601,183.73,4.4,11.8,11.12,Late
TR1518,T092,D018,R002,2025-11-27 09:01:33.872527,270,61.47,2.55,5.29,4.73,Late
TR1519,T054,D038,R004,2026-06-08 09:01:33.873526,377,93.96,2.08,7.41,7.58,On Time
TR1520,T064,D039,R002,2026-01-28 09:01:33.876524,263,101.4,2.11,4.8,5.35,On Time
TR1521,T042,D026,R004,2025-10-22 09:01:33.878526,371,113.6,3.28,6.67,6.92,On Time
TR1522,T074,D002,R006,2026-02-22 09:01:33.880163,566,130.92,2.15,13.63,11.49,Late
TR1523,T069,D044,R007,2026-01-19 09:01:33.882250,734,206.47,2.48,12.56,14.66,On Time
TR1524,T054,D038,R008,2026-08-07 09:01:33.883255,310,99.94,2.52,6.16,6.23,On Time
TR1525,T041,D033,R008,2026-01-27 09:01:33.885257,295,79.2,2.46,6.55,5.8,Late
TR1526,T083,D025,R008,2026-09-02 09:01:33.887249,322,117.4,2.21,6.98,6.36,Late
TR1527,T002,D029,R008,2026-02-05 09:01:33.889248,272,100.36,2.21,6.14,5.46,Late
TR1528,T012,D018,R006,2025-12-15 09:01:33.891256,578,146.4,5.92,11.89,10.11,Late
TR1529,T089,D040,R001,2026-08-23 09:01:33.892248,602,231.1,5.57,8.96,10.33,On Time
TR1530,T010,D025,R008,2026-05-01 09:01:33.894247,280,88.65,2.66,6.07,5.17,Late
TR1531,T018,D036,R003,2025-11-21 09:01:33.896249,397,116.03,3.69,10.12,8.47,Late
TR1532,T053,D008,R008,2025-11-25 09:01:33.898099,304,89.58,2.45,6.89,6.49,Late
TR1533,T063,D007,R008,2026-05-04 09:01:33.899093,281,89.38,2.72,4.72,5.02,On Time
TR1534,T092,D018,R001,2025-10-20 09:01:33.901092,552,172.18,4.77,9.08,9.59,On Time
TR1535,T027,D015,R001,2026-09-10 09:01:33.903093,591,222.51,4.53,8.67,9.92,On Time
TR1536,T060,D020,R006,2025-11-18 09:01:33.904092,618,188.98,5.02,11.65,11.81,On Time
TR1537,T066,D028,R008,2025-10-16 09:01:33.906092,318,101.7,2.14,6.09,5.37,Late
TR1538,T065,D046,R003,2026-01-28 09:01:33.908092,366,84.56,3.65,7.55,7.58,On Time
TR1539,T066,D028,R006,2026-06-24 09:01:33.910092,578,142.36,4.72,11.62,12.09,On Time
TR1540,T074,D002,R002,2026-07-22 09:01:33.911091,273,100.96,2.15,4.7,5.26,On Time
TR1541,T059,D003,R005,2026-03-20 09:01:33.913092,608,200.43,3.13,12.39,11.66,Late
TR1542,T071,D029,R006,2026-02-08 09:01:33.915003,571,177.95,4.01,11.95,11.85,Late
TR1543,T007,D006,R004,2026-02-12 09:01:33.917002,362,118.88,2.32,8.64,7.79,Late
TR1544,T025,D034,R005,2025-12-25 09:01:33.917999,622,217.99,3.85,13.84,12.66,Late
TR1545,T088,D043,R003,2026-08-20 09:01:33.919999,363,95.71,3.7,5.73,6.11,On Time
TR1546,T074,D002,R002,2025-11-03 09:01:33.921999,249,83.63,2.43,4.51,4.7,On Time
TR1547,T052,D041,R003,2025-09-27 09:01:33.924000,385,117.17,2.51,9.4,7.97,Late
TR1548,T027,D015,R006,2025-11-15 09:01:33.924999,576,141.47,3.14,11.07,11.47,On Time
TR1549,T001,D015,R002,2026-04-13 09:01:33.926998,238,82.92,2.53,4.46,4.06,Late
TR1550,T089,D040,R007,2026-03-30 09:01:33.928999,691,243.27,6.55,11.47,12.51,On Time
TR1551,T019,D008,R004,2026-05-04 09:01:33.930889,334,87.16,3.45,5.58,6.5,On Time
TR1552,T022,D032,R005,2026-01-17 09:01:33.932006,640,159.18,4.49,14.05,14.18,On Time
TR1553,T063,D007,R003,2025-11-30 09:01:33.934002,415,138.56,3.29,10.48,8.9,Late
TR1554,T038,D030,R007,2026-07-30 09:01:33.936002,729,246.57,2.51,15.98,13.87,Late
TR1555,T095,D031,R004,2026-05-08 09:01:33.937002,355,104.25,3.09,7.9,6.34,Late
TR1556,T033,D026,R002,2026-03-30 09:01:33.940006,255,74.62,2.55,4.31,4.44,On Time
TR1557,T100,D027,R006,2026-07-21 09:01:33.941003,608,144.28,3.07,11.31,10.39,Late
TR1558,T067,D047,R002,2026-05-27 09:01:33.943002,278,73.55,2.41,5.97,5.89,Late
TR1559,T019,D008,R004,2026-02-08 09:01:33.945002,356,101.84,2.59,8.39,7.32,Late
TR1560,T096,D011,R006,2026-04-29 09:01:33.946002,571,197.74,5.47,10.65,9.63,Late
TR1561,T087,D015,R004,2025-12-21 09:01:33.948292,368,85.61,2.29,8.77,7.11,Late
TR1562,T087,D015,R003,2026-04-28 09:01:33.950450,382,89.34,2.59,7.64,7.51,Late
TR1563,T006,D037,R008,2026-02-07 09:01:33.951451,301,85.02,2.75,6.57,6.0,Late
TR1564,T073,D049,R004,2026-01-04 09:01:33.953451,384,94.01,3.52,9.63,7.78,Late
TR1565,T019,D008,R006,2025-12-05 09:01:33.955451,595,154.07,4.63,10.88,11.26,On Time
TR1566,T039,D013,R002,2026-08-27 09:01:33.957450,263,85.49,2.13,3.95,4.61,On Time
TR1567,T076,D016,R007,2025-10-13 09:01:33.958449,683,262.05,6.22,14.07,13.77,Late
TR1568,T007,D006,R008,2026-01-02 09:01:33.960449,280,100.88,2.63,5.6,4.81,Late
TR1569,T099,D023,R002,2026-06-08 09:01:33.962449,267,95.02,2.27,5.53,5.77,On Time
TR1570,T011,D050,R002,2025-10-04 09:01:33.964641,250,85.1,2.39,4.76,4.8,On Time
TR1571,T055,D003,R002,2026-04-15 09:01:33.965712,257,57.96,2.37,5.28,5.53,On Time
TR1572,T023,D004,R008,2026-07-07 09:01:33.967708,300,88.98,2.64,6.05,5.16,Late
TR1573,T026,D026,R007,2026-08-04 09:01:33.969707,692,249.69,3.5,12.6,12.98,On Time
TR1574,T081,D018,R003,2026-02-05 09:01:33.971708,389,108.31,2.18,9.22,7.68,Late
TR1575,T068,D026,R007,2026-03-17 09:01:33.972707,704,181.06,4.37,15.05,13.39,Late
TR1576,T055,D003,R004,2025-12-04 09:01:33.974709,363,108.65,2.04,6.11,7.1,On Time
TR1577,T099,D023,R001,2026-05-15 09:01:33.976710,573,214.06,4.19,14.75,12.16,Late
TR1578,T048,D043,R002,2026-08-20 09:01:33.978708,240,64.14,2.47,4.92,4.1,Late
TR1579,T051,D041,R003,2025-12-25 09:01:33.980338,368,111.32,2.87,9.57,8.16,Late
TR1580,T007,D006,R006,2026-03-30 09:01:33.982419,571,218.83,4.35,11.03,9.94,Late
TR1581,T038,D030,R002,2025-11-21 09:01:33.984417,268,77.39,2.42,4.69,5.36,On Time
TR1582,T095,D031,R003,2026-01-06 09:01:33.986417,405,155.41,2.26,7.64,8.42,On Time
TR1583,T087,D015,R003,2026-09-13 09:01:33.987416,400,95.14,3.53,7.87,8.08,On Time
TR1584,T080,D017,R001,2026-07-17 09:01:33.989417,591,203.69,3.96,11.71,12.85,On Time
TR1585,T032,D028,R004,2026-02-28 09:01:33.991417,347,128.18,2.09,8.05,7.65,Late
TR1586,T016,D049,R006,2025-12-11 09:01:33.993417,585,176.78,3.03,11.53,9.79,Late
TR1587,T079,D040,R003,2026-07-04 09:01:33.995416,403,119.29,3.21,6.6,7.34,On Time
TR1588,T024,D049,R005,2025-09-23 09:01:33.997131,606,146.48,4.33,10.15,11.05,On Time
TR1589,T061,D022,R001,2026-01-07 09:01:33.999248,577,187.33,3.38,12.94,10.49,Late
TR1590,T036,D049,R008,2026-02-11 09:01:34.000247,289,88.33,2.14,5.25,5.07,Late
TR1591,T037,D026,R004,2026-08-30 09:01:34.002247,363,132.47,3.06,7.73,7.14,Late
TR1592,T085,D050,R001,2026-07-07 09:01:34.004248,586,172.91,3.76,9.92,10.0,On Time
TR1593,T093,D023,R001,2026-01-02 09:01:34.006252,576,188.62,2.79,9.57,9.64,On Time
TR1594,T091,D025,R005,2026-03-20 09:01:34.007247,630,192.0,4.8,15.25,13.71,Late
TR1595,T073,D049,R005,2025-10-14 09:01:34.009246,618,180.76,3.29,9.68,10.68,On Time
TR1596,T051,D041,R008,2026-01-18 09:01:34.011252,268,61.86,2.57,4.9,4.9,On Time
TR1597,T024,D049,R003,2026-05-07 09:01:34.013246,396,101.1,2.25,8.39,7.53,Late
TR1598,T042,D026,R005,2026-02-22 09:01:34.014942,634,143.75,2.29,13.84,12.62,Late
TR1599,T004,D007,R002,2026-01-04 09:01:34.016938,286,72.12,2.58,6.59,5.9,Late
TR1600,T061,D022,R006,2026-05-18 09:01:34.017937,586,145.78,2.42,11.51,9.81,Late
TR1601,T023,D004,R003,2026-08-15 09:01:34.019940,406,94.75,2.12,7.34,7.21,Late
TR1602,T033,D026,R005,2026-03-09 09:01:34.021938,604,234.58,4.59,11.03,10.74,Late
TR1603,T004,D007,R008,2026-07-10 09:01:34.022939,323,113.41,2.93,7.14,6.93,Late
TR1604,T074,D002,R006,2026-04-23 09:01:34.024938,601,207.28,2.89,12.63,12.32,Late
TR1605,T095,D031,R002,2026-08-03 09:01:34.027943,242,71.85,2.36,5.33,4.57,Late
TR1606,T081,D018,R006,2026-09-14 09:01:34.028939,608,225.82,3.42,12.11,13.36,On Time
TR1607,T053,D008,R006,2025-10-23 09:01:34.031112,602,167.54,4.09,12.07,13.06,On Time
TR1608,T025,D034,R006,2026-03-18 09:01:34.033046,619,212.35,4.45,11.32,10.78,Late
TR1609,T072,D043,R008,2026-03-08 09:01:34.035040,318,114.56,2.82,7.06,6.91,Late
TR1610,T073,D049,R007,2026-01-04 09:01:34.036041,681,247.24,3.17,11.49,12.91,On Time
TR1611,T077,D015,R008,2026-05-11 09:01:34.038041,298,94.25,2.37,7.55,6.16,Late
TR1612,T046,D035,R001,2025-12-17 09:01:34.040041,551,129.8,4.17,11.23,11.63,On Time
TR1613,T067,D047,R005,2025-12-11 09:01:34.041041,656,176.23,4.98,14.49,13.2,Late
TR1614,T015,D038,R005,2026-09-01 09:01:34.043043,634,184.2,2.14,10.31,10.79,On Time
TR1615,T054,D038,R003,2026-06-04 09:01:34.045042,376,129.61,3.04,5.64,6.45,On Time
TR1616,T094,D016,R006,2026-05-19 09:01:34.047387,587,134.99,3.95,12.83,10.68,Late
TR1617,T073,D049,R008,2026-03-23 09:01:34.049271,321,86.29,2.92,6.55,5.58,Late
TR1618,T054,D038,R006,2026-01-14 09:01:34.051268,604,151.81,5.75,12.35,10.25,Late
TR1619,T035,D029,R007,2025-10-19 09:01:34.052269,722,279.47,3.77,16.7,15.86,Late
TR1620,T062,D002,R007,2026-08-19 09:01:34.054268,695,171.05,2.13,11.25,11.95,On Time
TR1621,T026,D026,R005,2026-09-07 09:01:34.056269,631,169.79,4.36,13.99,12.45,Late
TR1622,T007,D006,R004,2026-02-10 09:01:34.058268,358,88.8,2.9,6.6,6.46,Late
TR1623,T015,D038,R003,2026-03-20 09:01:34.059269,388,141.81,2.37,8.66,7.15,Late
TR1624,T056,D050,R008,2026-05-23 09:01:34.061268,322,123.1,2.39,7.21,6.64,Late
TR1625,T097,D037,R001,2026-09-09 09:01:34.063580,603,146.52,5.29,9.87,11.37,On Time
TR1626,T032,D028,R003,2026-04-25 09:01:34.065138,412,157.63,2.08,9.22,8.99,Late
TR1627,T045,D021,R003,2025-11-10 09:01:34.067126,398,104.45,2.76,7.91,8.18,On Time
TR1628,T085,D050,R002,2026-06-03 09:01:34.068126,239,62.68,2.31,6.35,5.18,Late
TR1629,T095,D031,R007,2026-04-15 09:01:34.070125,728,226.51,6.76,11.63,12.4,On Time
TR1630,T100,D027,R004,2026-05-03 09:01:34.072125,369,119.6,2.52,7.14,6.73,Late
TR1631,T070,D020,R006,2025-11-02 09:01:34.074126,598,220.77,3.93,12.08,11.91,Late
TR1632,T011,D050,R007,2026-04-13 09:01:34.075126,689,159.34,5.75,12.66,11.96,Late
TR1633,T027,D015,R008,2026-05-19 09:01:34.077126,271,83.52,2.66,4.29,4.73,On Time
TR1634,T084,D022,R005,2026-08-30 09:01:34.079127,645,189.29,3.15,14.49,13.81,Late
TR1635,T076,D016,R006,2025-11-08 09:01:34.080921,590,190.27,3.52,8.67,9.92,On Time
TR1636,T003,D018,R002,2026-03-06 09:01:34.083006,287,87.9,2.11,5.23,5.56,On Time
TR1637,T056,D050,R008,2026-03-22 09:01:34.084005,298,114.42,2.88,6.41,6.01,Late
TR1638,T078,D008,R005,2025-11-18 09:01:34.086004,645,150.48,2.92,13.29,10.96,Late
TR1639,T004,D007,R007,2026-08-18 09:01:34.088005,697,176.39,6.09,15.35,12.83,Late
TR1640,T071,D029,R008,2025-12-17 09:01:34.090004,288,65.38,2.44,4.71,4.88,On Time
TR1641,T074,D002,R007,2026-03-05 09:01:34.091004,722,198.54,4.36,12.52,13.68,On Time
TR1642,T031,D031,R003,2026-04-29 09:01:34.093004,368,85.28,2.16,8.4,7.48,Late
TR1643,T032,D028,R004,2025-11-05 09:01:34.095005,383,106.82,2.45,7.71,7.65,Late
TR1644,T035,D029,R001,2026-09-10 09:01:34.097305,589,196.27,2.47,12.46,10.75,Late
TR1645,T073,D049,R007,2026-01-23 09:01:34.099015,718,228.52,2.09,13.51,14.66,On Time
TR1646,T002,D029,R002,2025-12-06 09:01:34.101007,261,101.4,2.14,5.72,5.18,Late
TR1647,T008,D011,R001,2026-04-09 09:01:34.103006,584,133.4,5.59,13.0,11.88,Late
TR1648,T057,D012,R002,2026-01-06 09:01:34.104007,243,80.57,2.08,4.08,4.28,On Time
TR1649,T081,D018,R002,2026-07-20 09:01:34.106011,243,86.98,2.41,3.9,4.48,On Time
TR1650,T024,D049,R006,2025-12-07 09:01:34.108005,609,173.33,4.84,11.53,11.8,On Time
TR1651,T008,D011,R007,2025-10-04 09:01:34.110004,736,187.32,6.28,14.35,15.06,On Time
TR1652,T046,D035,R007,2026-08-08 09:01:34.111002,710,180.36,4.57,13.02,13.15,On Time
TR1653,T015,D038,R003,2025-10-03 09:01:34.113003,392,147.65,2.79,8.8,8.16,Late
TR1654,T083,D025,R008,2026-03-16 09:01:34.114890,291,68.44,2.31,6.05,6.17,On Time
TR1655,T053,D008,R004,2025-11-02 09:01:34.116886,391,102.79,2.05,9.31,7.51,Late
TR1656,T048,D043,R001,2026-07-24 09:01:34.118886,549,178.15,4.3,12.63,11.62,Late
TR1657,T041,D033,R004,2025-09-17 09:01:34.119886,366,93.09,2.56,7.59,6.52,Late
TR1658,T028,D001,R005,2026-03-05 09:01:34.121886,621,149.23,5.26,15.57,13.65,Late
TR1659,T084,D022,R003,2025-12-01 09:01:34.123887,365,82.76,2.96,7.67,6.15,Late
TR1660,T074,D002,R001,2025-12-20 09:01:34.125891,587,163.22,5.01,13.09,11.45,Late
TR1661,T078,D008,R002,2026-06-09 09:01:34.127887,262,68.62,2.52,4.84,4.96,On Time
TR1662,T038,D030,R005,2026-03-15 09:01:34.128886,655,219.21,2.99,15.57,13.46,Late
TR1663,T041,D033,R008,2026-02-19 09:01:34.130524,311,69.97,2.34,5.77,5.61,Late
TR1664,T046,D035,R006,2025-11-11 09:01:34.132599,601,171.16,2.91,11.38,10.24,Late
TR1665,T054,D038,R006,2025-12-15 09:01:34.134594,580,159.4,2.97,9.09,10.1,On Time
TR1666,T053,D008,R007,2026-04-23 09:01:34.136595,719,195.94,3.73,14.57,15.27,On Time
TR1667,T016,D049,R007,2026-01-06 09:01:34.137595,681,205.31,5.2,11.78,12.95,On Time
TR1668,T099,D023,R002,2026-07-17 09:01:34.139594,244,56.75,2.26,3.6,4.2,On Time
TR1669,T098,D007,R006,2026-08-30 09:01:34.141615,601,153.21,5.3,10.28,11.55,On Time
TR1670,T004,D007,R004,2025-12-19 09:01:34.143592,378,133.39,3.51,8.66,8.2,Late
TR1671,T055,D003,R002,2026-04-19 09:01:34.145595,254,92.2,2.07,4.34,4.58,On Time
TR1672,T044,D017,R003,2026-08-10 09:01:34.147738,397,106.79,3.4,9.7,8.52,Late
TR1673,T046,D035,R007,2026-02-05 09:01:34.148793,736,216.61,3.46,14.82,14.39,Late
TR1674,T062,D002,R005,2025-12-30 09:01:34.150792,641,231.47,2.36,15.52,13.42,Late
TR1675,T001,D015,R007,2026-04-05 09:01:34.152791,713,193.43,4.22,13.35,12.94,Late
TR1676,T066,D028,R007,2026-04-17 09:01:34.153791,722,196.4,4.5,10.84,12.2,On Time
TR1677,T007,D006,R006,2026-02-10 09:01:34.155791,602,170.28,3.13,11.99,11.38,Late
TR1678,T050,D014,R004,2026-06-01 09:01:34.157792,354,88.18,2.71,5.17,5.97,On Time
TR1679,T036,D049,R002,2026-06-24 09:01:34.159791,268,62.92,2.07,5.33,5.39,On Time
TR1680,T036,D049,R005,2026-05-07 09:01:34.161791,628,185.92,6.22,10.41,10.78,On Time
TR1681,T097,D037,R003,2026-06-03 09:01:34.163791,366,84.16,3.05,6.03,6.65,On Time
TR1682,T066,D028,R003,2025-12-14 09:01:34.164754,408,143.78,3.02,6.55,7.56,On Time
TR1683,T025,D034,R001,2026-04-25 09:01:34.166838,547,157.33,5.55,9.52,9.54,On Time
TR1684,T074,D002,R005,2026-04-18 09:01:34.168834,624,157.41,5.92,13.98,11.82,Late
TR1685,T092,D018,R006,2026-01-07 09:01:34.169833,611,140.84,3.04,15.74,13.06,Late
TR1686,T018,D036,R005,2026-08-07 09:01:34.171834,614,154.92,5.18,13.02,13.13,On Time
TR1687,T029,D003,R001,2026-01-27 09:01:34.173837,593,223.88,4.38,12.32,12.52,On Time
TR1688,T066,D028,R004,2026-08-28 09:01:34.175834,377,92.99,2.71,6.62,6.78,On Time
TR1689,T091,D025,R006,2025-10-31 09:01:34.177834,616,173.88,2.14,13.81,12.87,Late
TR1690,T082,D022,R001,2026-05-27 09:01:34.179834,587,233.31,4.54,12.49,12.48,Late
TR1691,T034,D009,R005,2026-04-25 09:01:34.181571,627,223.7,2.56,12.53,10.96,Late
TR1692,T082,D022,R008,2026-05-30 09:01:34.183569,320,119.52,2.0,6.92,6.07,Late
TR1693,T009,D039,R005,2026-02-14 09:01:34.184569,628,173.7,4.94,12.02,13.05,On Time
TR1694,T079,D040,R008,2025-12-19 09:01:34.186568,288,76.55,2.62,5.88,5.94,On Time
TR1695,T024,D049,R002,2026-01-11 09:01:34.188575,288,92.9,2.3,5.74,5.94,On Time
TR1696,T081,D018,R008,2026-05-27 09:01:34.190573,289,78.2,2.11,5.27,5.44,On Time
TR1697,T097,D037,R001,2025-10-12 09:01:34.192571,595,193.52,3.6,9.79,9.99,On Time
TR1698,T023,D004,R003,2026-02-25 09:01:34.194572,389,88.16,3.34,7.0,7.08,On Time
TR1699,T100,D027,R001,2026-02-18 09:01:34.196568,603,173.9,4.59,11.05,10.57,Late
TR1700,T004,D007,R005,2026-02-19 09:01:34.198569,615,202.58,2.26,15.18,12.75,Late
TR1701,T099,D023,R004,2026-02-02 09:01:34.199575,354,117.09,2.7,7.16,7.11,Late
TR1702,T034,D009,R007,2025-10-26 09:01:34.201573,734,281.31,6.14,13.16,14.04,On Time
TR1703,T040,D004,R003,2026-06-03 09:01:34.203572,388,116.88,3.48,6.64,7.24,On Time
TR1704,T015,D038,R005,2025-12-14 09:01:34.205569,657,148.09,2.09,10.94,12.13,On Time
TR1705,T093,D023,R004,2026-03-20 09:01:34.207568,335,81.61,3.26,8.18,7.23,Late
TR1706,T071,D029,R008,2026-06-07 09:01:34.208569,268,70.34,2.93,5.05,5.08,On Time
TR1707,T069,D044,R007,2026-03-09 09:01:34.210569,701,166.14,3.68,16.94,14.47,Late
TR1708,T028,D001,R001,2026-09-06 09:01:34.212569,582,146.72,4.85,8.51,9.85,On Time
TR1709,T068,D026,R008,2026-04-25 09:01:34.214314,270,77.08,2.28,4.12,4.75,On Time
TR1710,T030,D014,R008,2026-07-15 09:01:34.216376,304,75.16,2.76,5.98,6.24,On Time
TR1711,T049,D007,R003,2026-08-04 09:01:34.217374,401,121.46,2.15,8.4,7.0,Late
TR1712,T065,D046,R002,2025-12-13 09:01:34.219374,278,71.15,2.38,4.26,4.97,On Time
TR1713,T020,D033,R008,2025-11-10 09:01:34.221374,270,67.98,2.81,4.41,4.75,On Time
TR1714,T042,D026,R005,2026-06-05 09:01:34.223374,624,177.04,2.43,13.2,13.76,On Time
TR1715,T084,D022,R007,2026-02-20 09:01:34.225374,712,206.81,4.84,12.79,14.42,On Time
TR1716,T062,D002,R006,2026-09-08 09:01:34.226374,584,135.33,5.93,10.45,11.02,On Time
TR1717,T094,D016,R001,2026-01-28 09:01:34.228375,572,129.91,2.84,11.51,10.13,Late
TR1718,T004,D007,R004,2026-07-23 09:01:34.230675,359,88.81,3.05,7.22,6.94,Late
TR1719,T043,D027,R001,2026-06-22 09:01:34.232355,556,134.97,2.78,8.28,9.32,On Time
TR1720,T063,D007,R008,2026-01-17 09:01:34.233356,301,100.34,2.49,7.01,6.39,Late
TR1721,T073,D049,R002,2026-04-10 09:01:34.235354,280,94.44,2.46,4.71,4.95,On Time
TR1722,T020,D033,R004,2026-09-14 09:01:34.237355,336,106.91,2.44,6.36,6.28,Late
TR1723,T027,D015,R003,2025-10-18 09:01:34.239356,408,112.56,2.45,8.19,7.8,Late
TR1724,T060,D020,R004,2026-08-06 09:01:34.241354,379,109.35,3.51,8.15,7.11,Late
TR1725,T055,D003,R008,2025-12-24 09:01:34.242356,308,116.01,2.7,5.62,6.57,On Time
TR1726,T022,D032,R004,2026-02-11 09:01:34.244355,346,102.51,2.81,5.03,5.81,On Time
TR1727,T081,D018,R005,2026-02-14 09:01:34.246659,648,182.58,3.71,16.51,13.76,Late
TR1728,T038,D030,R005,2025-10-05 09:01:34.248437,604,179.18,3.16,14.89,12.22,Late
TR1729,T042,D026,R008,2026-04-21 09:01:34.250434,303,70.81,2.49,5.2,5.67,On Time
TR1730,T027,D015,R006,2026-05-11 09:01:34.252434,617,165.5,3.87,11.71,11.07,Late
TR1731,T027,D015,R007,2026-07-09 09:01:34.254433,735,232.57,2.83,16.33,13.08,Late
TR1732,T092,D018,R001,2026-01-19 09:01:34.256433,600,174.03,2.25,11.12,12.06,On Time
TR1733,T001,D015,R001,2026-01-25 09:01:34.257433,566,145.02,3.25,10.46,11.79,On Time
TR1734,T008,D011,R003,2025-12-04 09:01:34.259429,399,116.08,3.68,8.35,8.43,On Time
TR1735,T045,D021,R008,2026-02-10 09:01:34.261433,304,120.24,2.55,6.12,6.35,On Time
TR1736,T040,D004,R007,2025-12-13 09:01:34.263433,699,186.45,5.25,13.03,13.69,On Time
TR1737,T026,D026,R002,2026-06-17 09:01:34.265352,236,64.04,2.16,4.75,5.07,On Time
TR1738,T014,D009,R003,2026-03-31 09:01:34.267357,368,89.89,3.09,7.91,6.84,Late
TR1739,T076,D016,R004,2025-10-09 09:01:34.269351,372,121.79,3.49,7.8,6.51,Late
TR1740,T027,D015,R006,2025-11-06 09:01:34.270354,576,229.91,2.58,11.13,11.88,On Time
TR1741,T022,D032,R002,2026-08-21 09:01:34.272352,262,61.66,2.08,6.36,5.26,Late
TR1742,T057,D012,R005,2026-07-18 09:01:34.274352,624,162.94,3.03,13.13,12.5,Late
TR1743,T051,D041,R007,2025-12-23 09:01:34.275352,700,172.93,3.6,12.49,12.59,On Time
TR1744,T011,D050,R006,2025-10-27 09:01:34.277352,622,167.62,5.3,11.82,12.9,On Time
TR1745,T092,D018,R003,2026-05-11 09:01:34.279352,369,88.28,3.3,7.23,6.91,Late
TR1746,T072,D043,R002,2026-03-13 09:01:34.281188,289,85.74,2.53,4.95,5.75,On Time
TR1747,T099,D023,R008,2026-06-11 09:01:34.283281,306,95.87,2.36,6.54,5.96,Late
TR1748,T023,D004,R002,2025-12-21 09:01:34.284292,291,72.84,2.12,6.61,6.44,Late
TR1749,T076,D016,R001,2026-01-02 09:01:34.286281,566,179.29,5.47,11.74,9.65,Late
TR1750,T078,D008,R006,2026-08-25 09:01:34.288298,583,227.11,5.94,12.36,11.87,Late
TR1751,T091,D025,R004,2026-09-01 09:01:34.290281,350,114.82,3.42,8.23,7.63,Late
TR1752,T061,D022,R002,2025-10-20 09:01:34.292281,270,71.72,2.47,5.36,5.16,Late
TR1753,T014,D009,R008,2025-09-20 09:01:34.293280,266,82.12,2.69,5.57,4.91,Late
TR1754,T017,D039,R006,2025-10-25 09:01:34.295280,571,171.0,4.81,8.64,9.9,On Time
TR1755,T041,D033,R008,2025-10-16 09:01:34.297282,270,64.05,2.58,6.54,5.49,Late
TR1756,T003,D018,R008,2025-09-18 09:01:34.299191,285,68.27,2.16,4.82,4.94,On Time
TR1757,T076,D016,R001,2026-02-22 09:01:34.301194,593,135.12,3.57,13.78,11.24,Late
TR1758,T086,D020,R007,2026-07-03 09:01:34.302194,718,273.74,5.69,17.31,14.99,Late
TR1759,T011,D050,R008,2026-01-01 09:01:34.304194,275,81.2,2.38,5.21,5.6,On Time
TR1760,T082,D022,R001,2025-12-03 09:01:34.306194,594,141.96,3.32,9.79,10.05,On Time
TR1761,T044,D017,R004,2026-01-22 09:01:34.308193,363,99.83,2.14,7.05,6.55,Late
TR1762,T012,D018,R006,2026-09-06 09:01:34.309193,577,145.74,5.04,13.11,12.07,Late
TR1763,T002,D029,R004,2026-05-13 09:01:34.311193,347,91.9,2.5,8.03,6.69,Late
TR1764,T088,D043,R006,2026-07-11 09:01:34.313194,607,138.42,3.23,12.03,10.47,Late
TR1765,T049,D007,R001,2026-02-17 09:01:34.322469,592,192.57,2.85,12.96,12.04,Late
TR1766,T025,D034,R005,2025-09-24 09:01:34.325468,614,143.89,3.88,12.47,12.88,On Time
TR1767,T012,D018,R002,2025-12-23 09:01:34.328470,263,81.92,2.28,6.04,5.21,Late
TR1768,T081,D018,R007,2026-03-03 09:01:34.330469,719,172.69,2.79,18.68,15.78,Late
TR1769,T073,D049,R003,2025-10-02 09:01:34.332426,373,83.12,3.51,8.02,7.24,Late
TR1770,T027,D015,R007,2026-05-02 09:01:34.334427,697,178.75,2.46,15.67,13.26,Late
TR1771,T099,D023,R004,2026-07-19 09:01:34.335430,347,115.04,2.85,5.75,6.67,On Time
TR1772,T081,D018,R002,2025-12-02 09:01:34.337430,243,70.43,2.23,4.57,4.67,On Time
TR1773,T076,D016,R002,2026-09-12 09:01:34.339429,289,112.55,2.1,5.74,5.21,Late
TR1774,T061,D022,R003,2026-03-17 09:01:34.341429,381,120.06,2.58,6.02,6.51,On Time
TR1775,T060,D020,R004,2026-01-26 09:01:34.342428,368,128.12,2.97,9.53,8.12,Late
TR1776,T089,D040,R006,2026-03-09 09:01:34.344425,593,149.68,4.38,10.78,11.38,On Time
TR1777,T062,D002,R002,2026-05-20 09:01:34.346428,275,83.28,2.47,7.37,6.03,Late
TR1778,T065,D046,R007,2026-02-23 09:01:34.348269,682,204.07,5.0,14.84,12.05,Late
TR1779,T021,D010,R004,2025-09-24 09:01:34.350267,366,129.2,3.55,8.05,7.39,Late
TR1780,T026,D026,R002,2026-03-30 09:01:34.351271,292,65.69,2.49,4.68,5.19,On Time
TR1781,T007,D006,R003,2026-01-25 09:01:34.353264,365,117.04,2.75,7.56,6.46,Late
TR1782,T059,D003,R004,2026-04-12 09:01:34.355267,334,87.5,2.13,6.4,6.96,On Time
TR1783,T031,D031,R007,2025-10-01 09:01:34.356265,730,251.15,4.81,14.93,15.75,On Time
TR1784,T100,D027,R006,2025-12-09 09:01:34.358274,589,234.67,4.72,11.06,12.43,On Time
TR1785,T090,D042,R003,2025-09-20 09:01:34.360274,373,86.23,2.46,8.02,6.78,Late
TR1786,T013,D042,R006,2026-04-02 09:01:34.362276,590,214.0,5.56,9.44,10.45,On Time
TR1787,T087,D015,R003,2026-03-23 09:01:34.363998,406,95.63,2.93,8.0,7.52,Late
TR1788,T095,D031,R008,2026-05-19 09:01:34.365076,301,117.86,2.35,4.75,5.16,On Time
TR1789,T044,D017,R003,2026-08-08 09:01:34.367074,392,94.54,3.23,8.33,7.24,Late
TR1790,T018,D036,R003,2026-03-27 09:01:34.369081,391,135.96,2.73,8.32,8.12,Late
TR1791,T024,D049,R001,2026-01-13 09:01:34.370082,574,204.89,2.13,12.95,11.56,Late
TR1792,T054,D038,R003,2026-01-21 09:01:34.372080,371,131.23,3.53,7.95,6.72,Late
TR1793,T045,D021,R006,2026-09-10 09:01:34.374074,609,153.58,2.64,11.24,11.11,Late
TR1794,T017,D039,R004,2025-10-17 09:01:34.376076,370,105.29,3.57,5.72,6.69,On Time
TR1795,T052,D041,R006,2025-10-27 09:01:34.378078,593,146.68,2.46,11.41,11.97,On Time
TR1796,T058,D043,R002,2025-12-17 09:01:34.379081,264,81.34,2.6,4.99,5.07,On Time
TR1797,T015,D038,R006,2025-10-06 09:01:34.380834,616,215.56,2.32,13.83,11.99,Late
TR1798,T001,D015,R006,2025-12-27 09:01:34.382928,587,133.52,5.22,10.06,10.55,On Time
TR1799,T094,D016,R008,2026-07-16 09:01:34.384929,319,93.55,2.82,6.72,6.98,On Time
TR1800,T059,D003,R001,2026-02-11 09:01:34.385929,570,219.22,3.27,10.54,10.56,On Time
TR1801,T038,D030,R002,2026-03-18 09:01:34.387929,281,67.9,2.26,4.87,5.29,On Time
TR1802,T058,D043,R003,2026-08-29 09:01:34.389928,380,122.76,3.01,7.47,8.35,On Time
TR1803,T051,D041,R006,2026-07-04 09:01:34.390929,581,203.83,4.51,9.87,10.96,On Time
TR1804,T056,D050,R003,2026-05-15 09:01:34.392928,417,136.75,3.75,7.88,7.0,Late
TR1805,T094,D016,R005,2026-03-10 09:01:34.394928,649,182.97,2.16,11.02,12.51,On Time
TR1806,T078,D008,R001,2026-08-07 09:01:34.396928,593,157.06,3.27,10.21,10.18,Late
TR1807,T082,D022,R002,2026-05-08 09:01:34.397840,279,89.88,2.45,5.05,5.47,On Time
TR1808,T096,D011,R003,2026-06-10 09:01:34.399927,416,156.48,3.08,8.76,7.09,Late
TR1809,T039,D013,R005,2026-08-22 09:01:34.401927,636,180.27,3.6,10.42,11.0,On Time
TR1810,T061,D022,R004,2026-06-13 09:01:34.402927,347,86.29,2.45,7.73,6.73,Late
TR1811,T086,D020,R008,2026-04-30 09:01:34.404927,266,71.71,2.0,5.09,4.54,Late
TR1812,T027,D015,R005,2026-01-23 09:01:34.406927,598,147.14,4.56,10.46,10.9,On Time
TR1813,T082,D022,R006,2026-05-26 09:01:34.408918,586,217.5,2.25,13.73,12.11,Late
TR1814,T037,D026,R004,2025-10-26 09:01:34.410926,380,96.84,2.98,7.18,6.62,Late
TR1815,T070,D020,R005,2026-04-06 09:01:34.411927,621,179.94,3.48,11.49,11.64,On Time
TR1816,T057,D012,R006,2025-09-24 09:01:34.413922,575,167.94,2.67,9.57,10.24,On Time
TR1817,T050,D014,R002,2026-08-07 09:01:34.415816,248,75.02,2.39,4.87,4.52,Late
TR1818,T072,D043,R003,2026-04-14 09:01:34.417822,382,143.28,2.55,7.21,6.79,Late
TR1819,T041,D033,R006,2026-06-23 09:01:34.418819,594,154.33,4.47,14.38,13.07,Late
TR1820,T073,D049,R004,2026-04-24 09:01:34.420819,361,108.38,2.91,7.35,6.39,Late
TR1821,T063,D007,R008,2026-07-15 09:01:34.422821,279,85.83,2.09,5.27,5.26,Late
TR1822,T028,D001,R003,2026-06-27 09:01:34.424817,373,83.18,3.46,6.41,6.96,On Time
TR1823,T095,D031,R006,2025-11-14 09:01:34.425837,591,164.16,3.1,11.01,11.75,On Time
TR1824,T099,D023,R003,2025-10-27 09:01:34.427821,383,101.85,3.45,7.84,6.97,Late
TR1825,T041,D033,R002,2026-01-06 09:01:34.429821,264,73.92,2.47,6.19,5.19,Late
TR1826,T037,D026,R002,2026-02-24 09:01:34.431571,284,65.3,2.18,7.2,6.0,Late
TR1827,T069,D044,R007,2026-07-28 09:01:34.433571,729,230.11,3.94,12.89,14.03,On Time
TR1828,T084,D022,R005,2025-11-04 09:01:34.434574,623,140.05,2.96,13.45,12.18,Late
TR1829,T079,D040,R008,2026-02-19 09:01:34.436574,303,86.41,2.89,7.07,6.56,Late
TR1830,T042,D026,R007,2026-08-01 09:01:34.438574,715,238.34,6.82,13.87,13.35,Late
TR1831,T003,D018,R004,2025-12-29 09:01:34.440573,381,102.9,3.42,6.74,6.7,Late
TR1832,T021,D010,R002,2025-09-17 09:01:34.442574,261,80.6,2.57,4.13,4.49,On Time
TR1833,T042,D026,R004,2026-01-23 09:01:34.443573,342,110.82,2.75,5.46,5.85,On Time
TR1834,T088,D043,R008,2026-01-23 09:01:34.445574,302,89.16,2.47,5.72,6.21,On Time
TR1835,T015,D038,R002,2026-06-27 09:01:34.447211,283,76.32,2.15,6.89,5.66,Late
TR1836,T093,D023,R007,2025-12-24 09:01:34.449352,680,270.51,7.04,16.76,14.95,Late
TR1837,T050,D014,R004,2025-12-15 09:01:34.450351,338,83.13,2.2,6.85,5.69,Late
TR1838,T100,D027,R001,2026-01-13 09:01:34.452355,585,154.18,5.12,9.49,11.04,On Time
TR1839,T008,D011,R007,2026-08-27 09:01:34.454356,694,168.31,3.84,13.78,12.09,Late
TR1840,T092,D018,R005,2026-07-15 09:01:34.455355,656,186.2,2.44,12.24,11.98,Late
TR1841,T034,D009,R004,2026-06-22 09:01:34.457355,382,92.04,2.6,6.07,6.78,On Time
TR1842,T085,D050,R008,2026-05-04 09:01:34.459355,285,102.37,2.09,6.11,5.86,Late
TR1843,T083,D025,R001,2026-05-14 09:01:34.461347,591,223.18,4.85,10.57,10.1,Late
TR1844,T044,D017,R006,2026-05-07 09:01:34.462349,584,150.58,4.25,12.04,11.69,Late
TR1845,T077,D015,R007,2026-05-26 09:01:34.464002,678,168.55,6.45,13.86,14.36,On Time
TR1846,T073,D049,R001,2025-11-30 09:01:34.466129,570,145.13,4.39,13.06,11.49,Late
TR1847,T061,D022,R001,2025-09-26 09:01:34.468130,592,175.16,2.48,13.75,11.98,Late
TR1848,T078,D008,R003,2026-05-31 09:01:34.469129,378,89.61,3.11,7.28,7.74,On Time
TR1849,T019,D008,R003,2025-12-26 09:01:34.471130,397,157.28,2.77,8.29,7.87,Late
TR1850,T080,D017,R003,2026-01-03 09:01:34.473130,417,146.79,2.6,7.58,8.31,On Time
TR1851,T048,D043,R007,2025-12-22 09:01:34.475130,700,165.45,4.44,12.29,13.39,On Time
TR1852,T062,D002,R002,2026-05-24 09:01:34.476130,289,88.66,2.19,4.6,5.25,On Time
TR1853,T029,D003,R006,2025-10-19 09:01:34.478130,575,188.12,2.78,11.83,10.15,Late
TR1854,T064,D039,R004,2025-12-22 09:01:34.480129,363,99.76,3.47,5.68,6.65,On Time
TR1855,T095,D031,R004,2026-04-01 09:01:34.481840,346,107.22,2.83,8.38,7.61,Late
TR1856,T035,D029,R008,2026-08-07 09:01:34.483840,299,67.6,2.91,5.52,5.18,Late
TR1857,T008,D011,R005,2026-06-15 09:01:34.484839,625,172.01,4.95,12.22,12.83,On Time
TR1858,T084,D022,R002,2026-08-27 09:01:34.486840,286,95.65,2.61,5.34,5.17,Late
TR1859,T035,D029,R007,2026-08-15 09:01:34.488842,711,232.74,6.59,14.47,12.66,Late
TR1860,T017,D039,R006,2025-11-23 09:01:34.490840,599,192.88,3.89,11.8,12.45,On Time
TR1861,T013,D042,R005,2026-08-10 09:01:34.492840,631,148.01,2.84,16.08,13.79,Late
TR1862,T015,D038,R006,2026-05-29 09:01:34.494840,594,222.74,4.37,13.22,12.39,Late
TR1863,T039,D013,R005,2026-02-02 09:01:34.495840,633,251.27,5.32,14.91,12.3,Late
TR1864,T025,D034,R005,2026-09-16 09:01:34.498117,634,154.2,3.07,12.07,11.69,Late
TR1865,T053,D008,R006,2026-01-12 09:01:34.499440,604,198.59,4.04,10.88,11.09,On Time
TR1866,T083,D025,R004,2025-10-04 09:01:34.501446,353,116.56,2.92,6.57,6.66,On Time
TR1867,T040,D004,R001,2026-01-10 09:01:34.503449,587,173.66,2.02,12.09,9.84,Late
TR1868,T066,D028,R007,2025-10-07 09:01:34.505449,706,202.2,3.54,17.09,14.81,Late
TR1869,T057,D012,R003,2026-07-23 09:01:34.506449,381,100.91,3.45,6.63,7.18,On Time
TR1870,T028,D001,R004,2026-07-26 09:01:34.508450,353,100.75,3.12,7.53,7.09,Late
TR1871,T079,D040,R005,2026-02-26 09:01:34.510450,610,167.49,5.36,11.76,12.89,On Time
TR1872,T021,D010,R008,2026-01-17 09:01:34.511449,303,79.21,2.61,6.41,6.07,Late
TR1873,T054,D038,R004,2026-04-14 09:01:34.513449,383,96.89,2.61,7.56,7.91,On Time
TR1874,T040,D004,R005,2026-04-12 09:01:34.515203,618,156.32,3.82,10.5,10.76,On Time
TR1875,T051,D041,R001,2026-02-19 09:01:34.517295,595,178.45,3.33,10.66,10.54,Late
TR1876,T018,D036,R006,2026-06-02 09:01:34.519298,595,147.49,4.62,14.87,13.14,Late
TR1877,T033,D026,R006,2026-03-05 09:01:34.521298,584,140.21,3.29,13.15,12.88,Late
TR1878,T072,D043,R007,2026-04-29 09:01:34.522298,723,249.4,2.54,15.76,14.99,Late
TR1879,T032,D028,R008,2026-01-19 09:01:34.524298,274,86.96,2.89,5.98,5.25,Late
TR1880,T006,D037,R001,2026-01-10 09:01:34.526298,596,156.07,2.94,13.07,10.77,Late
TR1881,T078,D008,R007,2026-04-28 09:01:34.528297,713,219.38,4.72,16.95,15.33,Late
TR1882,T057,D012,R001,2026-08-10 09:01:34.529299,606,197.49,3.22,14.0,11.64,Late
TR1883,T100,D027,R001,2026-04-16 09:01:34.531667,593,178.21,4.16,11.41,12.54,On Time
TR1884,T072,D043,R005,2025-10-13 09:01:34.533988,602,178.29,3.11,12.89,12.06,Late
TR1885,T068,D026,R002,2026-08-13 09:01:34.535987,284,92.12,2.54,7.27,6.27,Late
TR1886,T090,D042,R006,2026-01-31 09:01:34.537987,611,153.59,4.96,10.23,10.29,On Time
TR1887,T028,D001,R006,2026-06-07 09:01:34.538987,577,183.61,4.68,11.86,11.92,On Time
TR1888,T091,D025,R005,2026-07-17 09:01:34.540987,613,203.61,4.74,9.37,10.9,On Time
TR1889,T055,D003,R002,2026-08-17 09:01:34.542985,257,62.5,2.57,5.33,4.51,Late
TR1890,T066,D028,R006,2026-01-01 09:01:34.543980,589,232.59,5.46,9.85,11.42,On Time
TR1891,T042,D026,R002,2026-08-13 09:01:34.545987,282,78.82,2.46,5.64,5.73,On Time
TR1892,T073,D049,R005,2025-12-28 09:01:34.547529,602,135.33,5.61,11.29,10.62,Late
TR1893,T012,D018,R002,2026-08-10 09:01:34.549620,268,61.68,2.48,6.17,4.95,Late
TR1894,T056,D050,R002,2026-07-01 09:01:34.551620,284,93.0,2.4,6.6,5.49,Late
TR1895,T010,D025,R004,2025-09-27 09:01:34.552621,345,90.89,3.21,7.31,6.89,Late
TR1896,T056,D050,R005,2026-03-01 09:01:34.554621,653,256.79,2.08,10.38,12.18,On Time
TR1897,T029,D003,R004,2025-10-06 09:01:34.556620,354,105.54,3.26,6.8,7.24,On Time
TR1898,T069,D044,R001,2026-03-19 09:01:34.557620,576,151.29,5.37,14.14,12.0,Late
TR1899,T092,D018,R005,2026-04-12 09:01:34.559619,652,178.45,2.78,12.39,13.63,On Time
TR1900,T004,D007,R003,2025-12-14 09:01:34.561620,394,106.38,2.66,7.93,6.83,Late
TR1901,T009,D039,R001,2026-06-05 09:01:34.562620,567,133.69,3.14,10.71,9.62,Late
TR1902,T055,D003,R008,2026-09-03 09:01:34.565311,281,94.74,2.13,5.54,4.78,Late
TR1903,T057,D012,R007,2026-06-02 09:01:34.567311,683,163.86,3.92,13.86,13.49,Late
TR1904,T058,D043,R004,2026-07-15 09:01:34.568312,362,109.75,2.15,7.55,7.53,Late
TR1905,T023,D004,R004,2026-06-01 09:01:34.570312,366,84.59,2.2,5.89,6.55,On Time
TR1906,T063,D007,R004,2026-06-11 09:01:34.572311,381,102.7,2.34,6.61,6.77,On Time
TR1907,T012,D018,R008,2026-01-26 09:01:34.574311,315,89.65,2.02,6.36,6.04,Late
TR1908,T049,D007,R007,2026-03-16 09:01:34.575311,727,217.66,6.79,10.89,12.23,On Time
TR1909,T009,D039,R005,2025-09-22 09:01:34.577312,624,142.08,2.36,10.73,11.39,On Time
TR1910,T083,D025,R004,2026-04-29 09:01:34.579312,385,117.4,3.2,9.09,7.39,Late
TR1911,T042,D026,R006,2026-07-13 09:01:34.581573,568,204.21,4.05,12.53,11.65,Late
TR1912,T018,D036,R003,2026-06-01 09:01:34.583569,404,117.45,3.65,9.64,8.86,Late
TR1913,T085,D050,R001,2026-06-20 09:01:34.586755,565,174.2,2.66,10.07,11.03,On Time
TR1914,T067,D047,R007,2026-07-22 09:01:34.588756,685,171.94,5.98,11.05,11.98,On Time
TR1915,T004,D007,R007,2026-05-04 09:01:34.590762,707,243.11,5.15,13.84,13.85,On Time
TR1916,T004,D007,R006,2026-07-05 09:01:34.591756,616,241.41,5.62,14.08,13.56,Late
TR1917,T006,D037,R007,2026-06-28 09:01:34.593756,710,218.19,2.51,13.94,13.15,Late
TR1918,T045,D021,R008,2026-01-16 09:01:34.595756,321,108.98,2.44,5.49,6.26,On Time
TR1919,T054,D038,R006,2025-10-25 09:01:34.596758,620,144.31,2.0,14.33,12.01,Late
TR1920,T061,D022,R006,2025-12-14 09:01:34.599375,596,138.63,3.45,11.95,12.2,On Time
TR1921,T079,D040,R005,2025-11-28 09:01:34.601376,639,162.49,2.84,14.08,12.25,Late
TR1922,T029,D003,R005,2026-08-05 09:01:34.602372,629,227.93,5.17,10.0,10.64,On Time
TR1923,T092,D018,R008,2026-05-11 09:01:34.604370,289,94.3,2.17,5.06,5.33,On Time
TR1924,T085,D050,R006,2025-12-24 09:01:34.606365,585,185.29,4.05,10.96,9.81,Late
TR1925,T035,D029,R005,2026-07-04 09:01:34.607374,645,150.03,4.47,12.92,12.92,On Time
TR1926,T005,D035,R006,2026-06-07 09:01:34.609371,613,142.16,5.88,10.49,12.07,On Time
TR1927,T002,D029,R005,2026-02-25 09:01:34.611369,606,160.77,3.38,9.95,10.53,On Time
TR1928,T074,D002,R006,2025-11-25 09:01:34.613368,596,171.87,3.61,13.09,11.88,Late
TR1929,T028,D001,R008,2026-04-26 09:01:34.614706,293,78.29,2.62,4.94,5.51,On Time
TR1930,T066,D028,R006,2026-03-26 09:01:34.617150,625,196.87,5.2,9.64,10.43,On Time
TR1931,T063,D007,R001,2026-03-25 09:01:34.618152,596,165.66,4.88,12.12,10.85,Late
TR1932,T034,D009,R003,2025-12-12 09:01:34.620151,364,89.57,2.24,6.09,7.08,On Time
TR1933,T030,D014,R006,2026-07-14 09:01:34.622152,595,143.02,5.46,14.43,12.71,Late
TR1934,T040,D004,R008,2026-01-01 09:01:34.624151,292,86.59,2.17,4.32,4.89,On Time
TR1935,T066,D028,R007,2026-06-07 09:01:34.625148,688,247.18,5.71,14.46,12.46,Late
TR1936,T046,D035,R008,2025-12-22 09:01:34.627147,297,80.23,2.04,7.5,6.28,Late
TR1937,T069,D044,R005,2026-06-23 09:01:34.629147,620,173.24,3.6,13.97,11.19,Late
TR1938,T013,D042,R007,2026-07-01 09:01:34.631149,719,253.95,4.74,14.47,13.19,Late
TR1939,T079,D040,R005,2026-02-23 09:01:34.632493,624,147.99,3.27,15.65,12.69,Late
TR1940,T067,D047,R005,2026-04-16 09:01:34.634587,623,145.31,2.0,10.84,11.98,On Time
TR1941,T033,D026,R008,2025-11-07 09:01:34.636586,309,85.56,2.56,7.58,6.22,Late
TR1942,T009,D039,R008,2026-06-26 09:01:34.637584,267,66.58,2.72,5.91,5.67,Late
TR1943,T032,D028,R002,2026-06-09 09:01:34.639583,257,63.1,2.15,4.73,4.7,Late
TR1944,T045,D021,R007,2026-02-23 09:01:34.641581,680,230.3,2.62,10.4,11.48,On Time
TR1945,T095,D031,R006,2025-10-07 09:01:34.643585,603,137.4,3.09,13.1,12.75,Late
TR1946,T042,D026,R007,2025-10-30 09:01:34.644583,676,179.14,5.03,13.56,12.8,Late
TR1947,T030,D014,R005,2025-11-08 09:01:34.646583,639,189.25,3.94,11.89,11.15,Late
TR1948,T010,D025,R001,2026-04-30 09:01:34.648613,603,135.26,5.58,10.14,10.28,On Time
TR1949,T006,D037,R008,2026-02-10 09:01:34.650616,288,68.97,2.55,6.49,5.9,Late
TR1950,T091,D025,R004,2025-12-23 09:01:34.652610,378,89.34,2.17,6.99,7.23,On Time
TR1951,T094,D016,R002,2025-10-11 09:01:34.654607,270,61.09,2.31,4.41,4.66,On Time
TR1952,T090,D042,R005,2026-04-26 09:01:34.655607,624,186.64,5.6,13.67,11.43,Late
TR1953,T094,D016,R002,2025-10-10 09:01:34.657607,249,57.78,2.52,4.48,4.56,On Time
TR1954,T046,D035,R002,2025-11-21 09:01:34.659607,237,93.83,2.31,4.45,4.26,Late
TR1955,T076,D016,R007,2025-09-19 09:01:34.660609,703,183.49,4.47,17.55,15.1,Late
TR1956,T078,D008,R001,2025-10-10 09:01:34.662608,600,165.23,3.44,13.29,11.09,Late
TR1957,T078,D008,R007,2025-11-26 09:01:34.664611,682,185.29,2.48,14.77,11.99,Late
TR1958,T098,D007,R008,2026-02-13 09:01:34.667609,279,86.61,2.77,6.13,5.06,Late
TR1959,T092,D018,R004,2026-01-24 09:01:34.669607,381,147.69,2.94,7.14,6.96,Late
TR1960,T067,D047,R006,2026-02-07 09:01:34.671608,568,129.67,4.65,10.94,9.93,Late
TR1961,T004,D007,R006,2026-07-28 09:01:34.672607,579,159.33,3.16,15.67,12.76,Late
TR1962,T053,D008,R006,2026-03-17 09:01:34.674610,617,241.32,5.24,14.36,11.9,Late
TR1963,T045,D021,R003,2026-08-23 09:01:34.676609,382,85.9,2.62,8.06,7.84,Late
TR1964,T090,D042,R004,2025-12-10 09:01:34.678608,374,123.58,3.06,6.13,6.57,On Time
TR1965,T095,D031,R007,2026-01-04 09:01:34.679614,701,174.96,6.33,11.36,12.36,On Time
TR1966,T043,D027,R002,2026-05-23 09:01:34.681609,254,68.05,2.2,5.37,4.53,Late
TR1967,T040,D004,R007,2025-11-02 09:01:34.683478,682,157.57,4.52,14.89,14.71,Late
TR1968,T024,D049,R008,2026-03-21 09:01:34.685627,312,95.55,2.32,7.22,6.37,Late
TR1969,T057,D012,R007,2026-09-08 09:01:34.687623,733,227.43,2.56,14.19,15.47,On Time
TR1970,T075,D027,R001,2025-12-04 09:01:34.688622,566,131.09,4.03,10.96,10.2,Late
TR1971,T051,D041,R005,2025-11-14 09:01:34.690624,636,163.44,5.91,11.75,13.26,On Time
TR1972,T085,D050,R003,2026-03-19 09:01:34.692623,385,91.57,2.75,8.05,8.16,On Time
TR1973,T050,D014,R001,2026-04-19 09:01:34.694619,553,131.98,4.31,11.85,9.87,Late
TR1974,T011,D050,R002,2025-12-10 09:01:34.695618,252,56.01,2.1,4.23,4.88,On Time
TR1975,T036,D049,R008,2026-05-14 09:01:34.697881,265,75.95,2.82,5.73,4.61,Late
TR1976,T057,D012,R008,2026-09-06 09:01:34.699508,305,73.97,2.81,6.26,6.46,On Time
TR1977,T062,D002,R007,2026-06-10 09:01:34.701508,729,215.81,4.09,17.08,13.67,Late
TR1978,T067,D047,R005,2026-03-02 09:01:34.703506,634,192.17,5.19,14.31,11.82,Late
TR1979,T091,D025,R007,2026-03-11 09:01:34.704505,726,162.64,3.84,12.16,12.73,On Time
TR1980,T031,D031,R006,2026-04-05 09:01:34.706504,586,163.65,5.41,14.32,12.7,Late
TR1981,T090,D042,R006,2025-12-31 09:01:34.708504,581,142.02,4.81,9.62,10.82,On Time
TR1982,T069,D044,R004,2026-03-22 09:01:34.709505,354,130.65,3.18,5.81,6.17,On Time
TR1983,T083,D025,R003,2026-08-20 09:01:34.711504,395,95.36,2.87,7.82,8.17,On Time
TR1984,T057,D012,R002,2026-09-05 09:01:34.713824,263,71.43,2.35,7.14,5.72,Late
TR1985,T072,D043,R005,2026-07-03 09:01:34.716429,638,243.97,2.27,15.21,12.71,Late
TR1986,T046,D035,R005,2026-09-02 09:01:34.718656,601,136.3,5.05,11.63,12.23,On Time
TR1987,T063,D007,R005,2026-05-29 09:01:34.719656,624,159.65,4.83,13.13,10.55,Late
TR1988,T040,D004,R003,2025-12-30 09:01:34.721655,394,101.17,3.8,7.5,7.95,On Time
TR1989,T019,D008,R002,2026-09-13 09:01:34.723655,281,78.51,2.6,4.97,5.09,On Time
TR1990,T007,D006,R004,2026-08-11 09:01:34.725655,379,94.54,3.01,8.17,7.04,Late
TR1991,T068,D026,R007,2025-11-13 09:01:34.726656,702,177.24,5.92,11.91,12.54,On Time
TR1992,T023,D004,R007,2026-07-17 09:01:34.728659,729,254.67,3.68,13.96,13.32,Late
TR1993,T013,D042,R004,2026-02-20 09:01:34.730659,394,119.14,2.63,7.98,7.1,Late
TR1994,T061,D022,R003,2026-06-18 09:01:34.732662,368,87.73,3.34,7.51,7.71,On Time
TR1995,T033,D026,R007,2026-03-21 09:01:34.733661,707,263.66,6.99,13.45,14.46,On Time
TR1996,T082,D022,R002,2026-09-06 09:01:34.735659,237,74.54,2.55,4.46,4.21,Late
TR1997,T008,D011,R007,2025-12-20 09:01:34.737660,711,271.55,2.06,12.89,14.05,On Time
TR1998,T042,D026,R001,2026-03-09 09:01:34.739659,571,183.45,5.24,10.79,10.02,Late
TR1999,T023,D004,R005,2026-03-24 09:01:34.740659,609,161.41,2.41,12.35,11.61,Late
TR2000,T088,D043,R006,2026-02-03 09:01:34.742659,624,222.12,4.8,11.35,12.33,On Time
TR2001,T099,D023,R001,2025-11-02 09:01:34.744659,558,158.76,2.15,10.02,9.75,Late
TR2002,T069,D044,R004,2026-04-10 09:01:34.745659,390,88.31,3.53,7.74,6.6,Late
TR2003,T014,D009,R005,2026-07-27 09:01:34.747984,619,160.11,4.12,10.54,11.49,On Time
TR2004,T078,D008,R008,2025-10-14 09:01:34.749801,273,60.74,2.52,5.68,4.64,Late
TR2005,T050,D014,R002,2026-03-27 09:01:34.751804,282,83.04,2.15,6.46,6.03,Late
TR2006,T019,D008,R002,2026-08-26 09:01:34.753803,247,55.87,2.22,5.51,4.72,Late
TR2007,T062,D002,R004,2025-11-18 09:01:34.755802,385,91.95,2.16,8.07,7.01,Late
TR2008,T067,D047,R003,2025-11-26 09:01:34.756803,365,95.37,3.33,7.78,7.33,Late
TR2009,T067,D047,R005,2026-07-09 09:01:34.758805,622,154.96,3.91,10.96,11.38,On Time
TR2010,T026,D026,R001,2026-08-05 09:01:34.760802,565,128.75,3.85,11.25,10.99,Late
TR2011,T063,D007,R005,2026-01-05 09:01:34.763803,603,191.85,6.24,11.6,11.54,Late
TR2012,T099,D023,R007,2026-08-26 09:01:34.765609,694,171.71,2.95,13.27,12.51,Late
TR2013,T012,D018,R004,2026-06-20 09:01:34.766609,353,82.4,3.05,6.77,6.28,Late
TR2014,T095,D031,R002,2026-06-12 09:01:34.768610,235,65.85,2.22,4.99,5.14,On Time
TR2015,T069,D044,R002,2025-12-30 09:01:34.770610,235,56.66,2.32,4.35,4.25,Late
TR2016,T023,D004,R003,2026-07-28 09:01:34.771610,392,120.93,2.87,8.57,7.06,Late
TR2017,T024,D049,R003,2026-01-06 09:01:34.773610,417,141.69,2.39,9.51,8.37,Late
TR2018,T082,D022,R002,2025-09-29 09:01:34.775610,271,107.06,2.07,4.3,4.61,On Time
TR2019,T038,D030,R008,2026-03-31 09:01:34.777610,264,61.27,2.93,5.85,4.81,Late
TR2020,T050,D014,R005,2026-06-29 09:01:34.779631,649,219.5,2.6,11.16,11.04,Late
TR2021,T032,D028,R004,2025-11-28 09:01:34.781259,373,97.21,3.16,6.53,6.41,Late
TR2022,T081,D018,R007,2026-04-30 09:01:34.784350,695,238.85,4.07,13.68,11.95,Late
TR2023,T002,D029,R004,2026-06-11 09:01:34.786354,360,86.81,3.34,8.44,7.11,Late
TR2024,T063,D007,R003,2025-09-25 09:01:34.788354,376,101.61,3.46,6.97,6.91,Late
TR2025,T017,D039,R002,2026-06-27 09:01:34.790345,274,70.64,2.56,5.33,5.95,On Time
TR2026,T063,D007,R003,2026-05-08 09:01:34.792352,364,126.97,3.82,8.95,7.29,Late
TR2027,T092,D018,R004,2025-11-29 09:01:34.795347,393,101.03,2.43,7.7,7.98,On Time
TR2028,T098,D007,R004,2026-08-03 09:01:34.797355,341,103.65,2.91,5.45,5.85,On Time
TR2029,T064,D039,R004,2026-07-23 09:01:34.799185,346,125.62,2.18,5.99,5.77,Late
TR2030,T005,D035,R004,2026-08-13 09:01:34.801185,387,118.13,2.4,9.44,8.37,Late
TR2031,T079,D040,R007,2026-08-26 09:01:34.803185,699,207.04,5.35,16.15,14.83,Late
TR2032,T065,D046,R008,2026-08-25 09:01:34.805185,313,70.35,2.53,6.32,5.54,Late
TR2033,T020,D033,R007,2026-01-23 09:01:34.807185,697,165.21,3.02,13.15,14.29,On Time
TR2034,T083,D025,R008,2026-08-15 09:01:34.808185,267,81.34,2.21,5.46,5.65,On Time
TR2035,T081,D018,R007,2026-02-03 09:01:34.811179,688,216.91,2.35,10.61,12.33,On Time
TR2036,T032,D028,R002,2026-04-07 09:01:34.813198,270,75.9,2.04,4.59,5.06,On Time
TR2037,T088,D043,R008,2026-06-22 09:01:34.814936,268,80.73,2.68,5.55,5.06,Late
TR2038,T042,D026,R003,2026-09-13 09:01:34.817014,383,148.63,2.72,7.35,6.54,Late
TR2039,T073,D049,R005,2026-05-25 09:01:34.819024,600,145.37,5.25,9.53,10.61,On Time
TR2040,T005,D035,R006,2026-01-16 09:01:34.821014,602,167.63,5.71,15.68,13.29,Late
TR2041,T083,D025,R008,2026-05-18 09:01:34.822014,288,93.97,2.64,5.47,5.31,Late
TR2042,T079,D040,R006,2026-06-30 09:01:34.824014,582,182.43,3.8,10.04,9.73,Late
TR2043,T047,D016,R002,2026-03-02 09:01:34.826014,246,88.21,2.62,4.15,4.51,On Time
TR2044,T021,D010,R006,2026-08-26 09:01:34.828014,589,147.99,3.82,11.1,11.44,On Time
TR2045,T091,D025,R005,2025-10-31 09:01:34.830014,653,182.25,3.51,13.64,13.49,Late
TR2046,T052,D041,R005,2026-03-02 09:01:34.831843,623,146.0,3.98,12.37,12.0,Late
TR2047,T044,D017,R008,2026-05-14 09:01:34.834023,284,74.14,2.2,6.41,6.04,Late
TR2048,T025,D034,R008,2025-11-04 09:01:34.836023,300,103.83,2.34,5.75,5.16,Late
TR2049,T060,D020,R002,2026-04-12 09:01:34.837023,267,63.2,2.13,4.69,4.69,On Time
TR2050,T019,D008,R008,2025-11-01 09:01:34.839023,294,108.2,2.39,5.21,5.37,On Time
TR2051,T026,D026,R002,2025-12-26 09:01:34.841049,245,77.16,2.27,4.68,4.2,Late
TR2052,T057,D012,R002,2026-04-30 09:01:34.843023,233,59.93,2.61,5.13,4.59,Late
TR2053,T088,D043,R004,2026-06-07 09:01:34.845023,370,91.62,2.25,7.31,6.77,Late
TR2054,T041,D033,R003,2026-01-10 09:01:34.847023,389,130.04,2.6,8.02,6.94,Late
TR2055,T098,D007,R008,2026-07-29 09:01:34.849128,303,85.08,2.74,4.81,5.57,On Time
TR2056,T011,D050,R008,2026-08-01 09:01:34.851126,265,105.27,2.29,3.98,4.57,On Time
TR2057,T046,D035,R005,2026-08-14 09:01:34.853127,609,152.74,3.55,9.98,10.26,On Time
TR2058,T041,D033,R004,2026-06-19 09:01:34.855126,371,86.1,2.48,7.08,7.18,On Time
TR2059,T013,D042,R008,2026-02-16 09:01:34.856126,315,86.93,2.11,4.9,5.38,On Time
TR2060,T080,D017,R007,2026-04-26 09:01:34.858126,702,249.24,5.49,13.67,13.17,Late
TR2061,T032,D028,R004,2026-08-27 09:01:34.860126,341,89.09,2.22,7.42,7.22,Late
TR2062,T049,D007,R002,2025-09-29 09:01:34.862126,262,80.4,2.61,4.73,5.51,On Time
TR2063,T047,D016,R004,2026-09-06 09:01:34.864130,393,116.21,3.59,7.55,7.34,Late
TR2064,T086,D020,R003,2026-03-11 09:01:34.866065,396,124.23,2.13,6.98,7.9,On Time
TR2065,T018,D036,R007,2025-10-09 09:01:34.868066,715,230.63,3.0,12.78,14.05,On Time
TR2066,T082,D022,R001,2026-03-19 09:01:34.870066,567,183.81,4.27,11.61,9.97,Late
TR2067,T064,D039,R007,2026-03-14 09:01:34.872075,677,180.84,6.31,15.67,12.57,Late
TR2068,T025,D034,R001,2026-01-09 09:01:34.874068,579,189.19,3.2,13.33,10.96,Late
TR2069,T022,D032,R001,2026-02-07 09:01:34.877060,550,144.78,3.27,9.47,9.91,On Time
TR2070,T035,D029,R001,2026-03-30 09:01:34.879061,594,132.29,4.08,12.06,10.83,Late
TR2071,T017,D039,R005,2026-09-07 09:01:34.881965,652,146.3,3.29,13.71,11.99,Late
TR2072,T026,D026,R005,2026-05-01 09:01:34.883965,654,190.1,4.98,14.52,12.87,Late
TR2073,T043,D027,R002,2026-02-20 09:01:34.884965,255,62.1,2.44,5.13,4.41,Late
TR2074,T017,D039,R006,2026-04-25 09:01:34.886965,626,196.09,3.06,11.87,12.8,On Time
TR2075,T058,D043,R004,2025-12-30 09:01:34.888964,392,101.99,3.47,8.35,6.87,Late
TR2076,T003,D018,R008,2026-06-18 09:01:34.890965,315,114.25,2.35,5.29,5.58,On Time
TR2077,T020,D033,R007,2026-09-12 09:01:34.892965,712,173.54,5.66,15.02,12.56,Late
TR2078,T095,D031,R008,2025-11-22 09:01:34.894963,315,98.99,2.59,4.72,5.37,On Time
TR2079,T059,D003,R007,2026-07-16 09:01:34.896966,716,168.6,2.28,11.25,12.61,On Time
TR2080,T018,D036,R005,2026-08-01 09:01:34.898780,609,140.45,2.02,9.56,10.34,On Time
TR2081,T088,D043,R007,2025-10-31 09:01:34.900779,690,236.27,4.68,12.44,12.38,Late
TR2082,T061,D022,R006,2026-06-13 09:01:34.902779,618,213.5,3.86,11.28,10.33,Late
TR2083,T094,D016,R002,2025-12-31 09:01:34.904781,275,74.65,2.0,4.88,4.75,Late
TR2084,T023,D004,R006,2026-06-12 09:01:34.905780,578,190.98,4.77,10.74,9.94,Late
TR2085,T090,D042,R005,2026-05-23 09:01:34.907780,645,243.25,2.69,13.2,13.49,On Time
TR2086,T082,D022,R004,2026-04-23 09:01:34.909780,387,105.03,2.36,7.54,7.16,Late
TR2087,T033,D026,R004,2025-10-02 09:01:34.911780,386,121.02,2.41,6.77,7.94,On Time
TR2088,T097,D037,R002,2026-08-17 09:01:34.913780,242,92.04,2.38,5.21,5.27,On Time
TR2089,T056,D050,R006,2025-10-06 09:01:34.915550,571,148.39,2.35,10.04,9.76,Late
TR2090,T076,D016,R007,2025-10-04 09:01:34.917549,725,167.33,6.85,16.14,14.38,Late
TR2091,T073,D049,R007,2026-01-14 09:01:34.918550,692,175.0,3.87,13.81,13.9,On Time
TR2092,T039,D013,R007,2026-05-23 09:01:34.920550,724,208.16,4.97,15.62,13.61,Late
TR2093,T006,D037,R008,2026-02-22 09:01:34.922550,308,96.08,2.44,6.14,5.93,Late
TR2094,T060,D020,R002,2026-09-04 09:01:34.924551,260,92.68,2.54,4.66,4.64,Late
TR2095,T041,D033,R001,2026-09-09 09:01:34.926549,571,127.47,3.64,10.58,10.48,Late
TR2096,T085,D050,R006,2026-07-30 09:01:34.928550,623,218.94,2.06,10.68,11.56,On Time
TR2097,T061,D022,R003,2026-06-27 09:01:34.930550,369,121.31,2.58,8.07,7.69,Late
TR2098,T071,D029,R004,2026-02-07 09:01:34.932360,351,118.76,2.71,7.65,6.71,Late
TR2099,T021,D010,R007,2026-08-13 09:01:34.934361,707,159.3,6.82,19.01,15.4,Late
TR2100,T091,D025,R001,2026-01-06 09:01:34.935360,577,155.29,5.03,12.94,12.24,Late
TR2101,T054,D038,R005,2025-10-29 09:01:34.937360,628,248.62,3.33,11.56,12.66,On Time
TR2102,T080,D017,R001,2026-03-26 09:01:34.939360,574,154.17,4.73,11.29,10.63,Late
TR2103,T089,D040,R007,2026-09-07 09:01:34.941360,731,265.21,4.26,14.21,13.67,Late
TR2104,T054,D038,R006,2026-04-09 09:01:34.943361,581,199.05,4.51,10.98,11.64,On Time
TR2105,T061,D022,R006,2025-09-24 09:01:34.945360,616,201.24,2.77,14.35,12.29,Late
TR2106,T017,D039,R001,2025-09-19 09:01:34.946360,567,139.55,4.23,12.85,10.58,Late
TR2107,T031,D031,R004,2026-09-07 09:01:34.949155,386,93.25,2.51,7.66,7.38,Late
TR2108,T013,D042,R005,2026-01-08 09:01:34.950155,621,155.24,3.98,10.09,11.43,On Time
TR2109,T094,D016,R003,2026-04-28 09:01:34.952155,377,143.14,3.35,6.87,7.41,On Time
TR2110,T047,D016,R003,2026-09-15 09:01:34.954155,414,102.08,2.62,7.47,7.95,On Time
TR2111,T080,D017,R006,2026-01-11 09:01:34.956155,596,164.47,5.9,12.94,10.5,Late
TR2112,T078,D008,R004,2025-11-15 09:01:34.958185,390,109.16,2.99,7.54,6.8,Late
TR2113,T038,D030,R007,2026-01-01 09:01:34.960155,722,275.45,3.43,13.13,12.39,Late
TR2114,T049,D007,R004,2026-06-04 09:01:34.962155,361,92.53,2.24,6.06,6.25,On Time
TR2115,T004,D007,R001,2026-01-21 09:01:34.963154,548,144.09,4.92,8.56,9.71,On Time
TR2116,T019,D008,R001,2026-04-09 09:01:34.965942,575,153.26,2.41,11.72,10.78,Late
TR2117,T036,D049,R004,2026-06-25 09:01:34.966942,363,118.94,2.96,6.73,6.53,Late
TR2118,T042,D026,R004,2026-03-12 09:01:34.968942,335,121.91,2.23,6.18,5.77,Late
TR2119,T093,D023,R004,2026-02-26 09:01:34.970943,358,99.44,2.29,7.29,6.58,Late
TR2120,T079,D040,R005,2025-11-29 09:01:34.972943,650,161.65,2.17,11.65,11.89,On Time
TR2121,T066,D028,R005,2026-08-13 09:01:34.974942,600,152.07,2.6,11.29,10.77,Late
TR2122,T014,D009,R001,2026-03-16 09:01:34.976944,580,205.18,5.67,9.23,10.41,On Time
TR2123,T044,D017,R006,2025-12-11 09:01:34.978943,571,171.71,2.25,10.63,10.15,Late
TR2124,T054,D038,R003,2026-08-02 09:01:34.979942,401,98.3,3.55,7.74,7.24,Late
TR2125,T058,D043,R001,2026-05-17 09:01:34.982828,557,203.99,2.21,9.06,9.49,On Time
TR2126,T088,D043,R008,2026-01-14 09:01:34.983826,299,117.33,2.04,6.18,5.47,Late
TR2127,T029,D003,R003,2026-01-03 09:01:34.985825,408,137.59,2.61,10.34,8.63,Late
TR2128,T050,D014,R002,2026-04-21 09:01:34.987825,280,74.3,2.31,5.8,5.5,Late
TR2129,T086,D020,R006,2025-11-19 09:01:34.989824,611,156.9,2.14,9.93,11.47,On Time
TR2130,T030,D014,R005,2026-03-12 09:01:34.991825,634,182.03,4.17,11.13,12.62,On Time
TR2131,T022,D032,R001,2025-11-02 09:01:34.993824,572,195.52,3.06,13.11,10.78,Late
TR2132,T072,D043,R003,2025-11-09 09:01:34.995825,383,108.75,2.49,7.52,8.08,On Time
TR2133,T026,D026,R006,2026-01-28 09:01:34.997408,586,136.41,2.11,12.79,11.52,Late
TR2134,T078,D008,R004,2026-07-21 09:01:34.999488,375,97.56,2.07,6.18,6.63,On Time
TR2135,T014,D009,R003,2026-04-17 09:01:35.001489,407,93.22,3.58,9.76,8.46,Late
TR2136,T087,D015,R004,2026-08-20 09:01:35.002490,347,81.2,3.06,6.03,6.06,On Time
TR2137,T030,D014,R001,2026-09-04 09:01:35.005489,583,136.2,3.17,9.47,10.11,On Time
TR2138,T028,D001,R004,2026-03-02 09:01:35.006489,387,135.23,3.18,8.13,7.74,Late
TR2139,T059,D003,R002,2025-12-03 09:01:35.008490,257,69.39,2.37,5.66,5.41,Late
TR2140,T086,D020,R004,2026-09-16 09:01:35.010490,388,88.67,3.4,7.5,8.4,On Time
TR2141,T080,D017,R002,2026-04-14 09:01:35.012490,235,55.76,2.28,4.85,3.97,Late
TR2142,T094,D016,R002,2025-10-21 09:01:35.014161,268,60.6,2.12,5.75,5.77,On Time
TR2143,T055,D003,R007,2026-09-05 09:01:35.016281,723,170.0,3.51,15.94,15.67,Late
TR2144,T005,D035,R006,2026-06-04 09:01:35.017281,623,227.36,2.48,13.65,13.22,Late
TR2145,T082,D022,R001,2026-01-16 09:01:35.019281,594,134.85,2.66,12.55,10.44,Late
TR2146,T015,D038,R003,2025-09-26 09:01:35.022281,365,92.41,3.06,8.48,7.04,Late
TR2147,T035,D029,R006,2026-06-30 09:01:35.023281,567,145.17,2.85,12.41,10.86,Late
TR2148,T051,D041,R008,2026-01-21 09:01:35.025281,307,94.32,2.39,6.89,6.74,Late
TR2149,T002,D029,R008,2026-04-26 09:01:35.027281,300,69.85,2.67,6.75,5.47,Late
TR2150,T093,D023,R002,2026-06-12 09:01:35.029282,262,90.18,2.15,5.98,5.35,Late
TR2151,T058,D043,R008,2026-02-06 09:01:35.030954,315,125.8,2.53,6.9,5.75,Late
TR2152,T090,D042,R001,2026-04-23 09:01:35.033064,578,141.53,3.37,11.89,10.37,Late
TR2153,T077,D015,R006,2025-10-14 09:01:35.035063,589,172.6,5.57,10.35,11.31,On Time
TR2154,T093,D023,R001,2026-02-20 09:01:35.036064,582,162.5,2.66,12.91,11.68,Late
TR2155,T052,D041,R005,2025-10-07 09:01:35.038064,620,180.5,5.21,11.94,12.35,On Time
TR2156,T064,D039,R003,2025-11-12 09:01:35.040064,403,112.43,2.48,8.18,8.0,Late
TR2157,T018,D036,R007,2025-12-14 09:01:35.042063,697,160.25,6.36,13.14,12.75,Late
TR2158,T022,D032,R005,2025-10-31 09:01:35.043065,653,252.56,2.62,14.83,12.42,Late
TR2159,T044,D017,R001,2025-11-27 09:01:35.045064,581,154.3,2.53,12.31,10.34,Late
TR2160,T027,D015,R004,2026-07-21 09:01:35.047374,386,99.32,3.62,8.5,8.35,Late
TR2161,T070,D020,R002,2025-12-09 09:01:35.049009,234,66.12,2.41,4.15,4.36,On Time
TR2162,T022,D032,R003,2026-07-19 09:01:35.051223,407,137.8,2.62,7.19,7.31,On Time
TR2163,T048,D043,R005,2026-05-27 09:01:35.053220,632,144.49,4.46,14.09,11.96,Late
TR2164,T096,D011,R001,2025-10-22 09:01:35.055220,573,147.85,3.71,9.01,9.58,On Time
TR2165,T089,D040,R007,2026-01-01 09:01:35.057220,733,182.95,6.05,15.88,13.15,Late
TR2166,T064,D039,R004,2026-02-21 09:01:35.058217,343,79.18,2.5,6.02,6.19,On Time
TR2167,T027,D015,R003,2026-09-08 09:01:35.060218,394,104.33,2.06,6.16,6.65,On Time
TR2168,T016,D049,R007,2026-05-10 09:01:35.062221,689,239.95,4.29,10.68,12.16,On Time
TR2169,T016,D049,R008,2025-11-15 09:01:35.063221,291,66.29,2.28,4.53,5.3,On Time
TR2170,T050,D014,R001,2026-01-15 09:01:35.066326,570,195.41,4.39,12.03,11.08,Late
TR2171,T076,D016,R005,2026-03-21 09:01:35.068327,599,155.25,2.13,10.54,10.04,Late
TR2172,T090,D042,R004,2026-07-28 09:01:35.069329,364,86.21,2.69,7.64,7.17,Late
TR2173,T076,D016,R008,2026-09-03 09:01:35.071329,303,71.11,2.36,5.75,5.12,Late
TR2174,T063,D007,R006,2026-08-05 09:01:35.073328,614,142.4,2.97,12.58,11.78,Late
TR2175,T092,D018,R004,2026-05-16 09:01:35.075329,374,86.08,2.99,8.3,7.22,Late
TR2176,T061,D022,R007,2026-01-28 09:01:35.076326,678,215.53,3.1,14.39,12.72,Late
TR2177,T053,D008,R001,2026-09-02 09:01:35.078330,553,219.39,5.53,14.08,11.78,Late
TR2178,T057,D012,R005,2026-03-02 09:01:35.081357,601,171.51,5.42,13.06,11.57,Late
TR2179,T069,D044,R003,2025-12-26 09:01:35.083462,401,101.55,2.93,7.37,8.22,On Time
TR2180,T058,D043,R001,2026-02-10 09:01:35.084460,565,134.3,2.41,13.51,12.39,Late
TR2181,T020,D033,R004,2026-03-02 09:01:35.086461,387,145.84,3.27,7.04,7.41,On Time
TR2182,T084,D022,R003,2026-05-25 09:01:35.088460,417,146.15,2.65,7.99,8.23,On Time
TR2183,T088,D043,R007,2025-09-23 09:01:35.090460,713,170.12,6.8,15.13,14.72,Late
TR2184,T015,D038,R003,2025-11-11 09:01:35.091462,366,129.38,3.07,9.67,7.79,Late
TR2185,T057,D012,R008,2025-12-22 09:01:35.093463,295,91.24,2.84,4.57,5.32,On Time
TR2186,T048,D043,R008,2026-02-05 09:01:35.095462,304,84.75,2.52,5.12,5.93,On Time
TR2187,T055,D003,R003,2026-03-17 09:01:35.098077,364,138.38,2.9,9.15,7.44,Late
TR2188,T065,D046,R007,2026-09-04 09:01:35.100175,734,245.78,2.82,11.28,12.46,On Time
TR2189,T074,D002,R002,2026-03-09 09:01:35.102175,243,63.46,2.35,5.87,4.7,Late
TR2190,T062,D002,R004,2026-07-19 09:01:35.103176,338,76.1,2.92,6.67,6.16,Late
TR2191,T030,D014,R002,2026-09-11 09:01:35.105176,244,87.31,2.23,5.87,5.19,Late
TR2192,T066,D028,R001,2025-12-19 09:01:35.107177,597,236.5,2.03,10.8,11.29,On Time
TR2193,T018,D036,R008,2026-06-12 09:01:35.109176,284,65.42,2.62,5.74,4.9,Late
TR2194,T062,D002,R004,2025-10-30 09:01:35.110176,364,124.31,2.89,8.19,7.65,Late
TR2195,T010,D025,R005,2026-08-13 09:01:35.113176,606,158.05,4.04,9.51,10.47,On Time
TR2196,T010,D025,R004,2025-10-31 09:01:35.114820,370,130.77,2.59,6.9,6.8,Late
TR2197,T029,D003,R008,2026-04-05 09:01:35.116922,316,104.46,2.73,7.05,6.89,Late
TR2198,T004,D007,R001,2025-11-10 09:01:35.118927,559,145.45,5.15,9.54,9.48,Late
TR2199,T029,D003,R007,2025-12-30 09:01:35.120928,723,167.55,6.5,17.03,13.85,Late
TR2200,T083,D025,R001,2026-04-22 09:01:35.122929,602,150.09,3.87,13.85,12.71,Late
TR2201,T010,D025,R005,2025-09-21 09:01:35.124928,624,168.66,5.81,13.08,12.17,Late
TR2202,T019,D008,R001,2026-01-22 09:01:35.126946,596,157.56,4.45,11.88,11.79,Late
TR2203,T044,D017,R002,2026-01-19 09:01:35.128915,251,60.15,2.32,5.65,4.64,Late
TR2204,T050,D014,R001,2025-10-02 09:01:35.130915,595,140.25,4.28,12.13,10.75,Late
TR2205,T085,D050,R003,2026-01-09 09:01:35.132627,410,112.39,3.85,6.98,7.88,On Time
TR2206,T069,D044,R002,2026-05-01 09:01:35.133625,265,70.99,2.54,6.36,5.77,Late
TR2207,T077,D015,R006,2026-05-17 09:01:35.135625,598,202.32,4.24,9.94,10.15,On Time
TR2208,T045,D021,R002,2026-04-27 09:01:35.137625,251,87.04,2.16,5.62,5.02,Late
TR2209,T055,D003,R006,2026-07-07 09:01:35.139625,608,159.24,5.18,12.98,10.76,Late
TR2210,T089,D040,R001,2025-12-07 09:01:35.140624,565,196.19,3.21,11.6,10.22,Late
TR2211,T060,D020,R003,2026-04-20 09:01:35.142628,397,112.14,3.21,9.67,8.49,Late
TR2212,T027,D015,R003,2025-10-20 09:01:35.144625,398,97.55,3.54,6.4,6.93,On Time
TR2213,T048,D043,R003,2026-01-24 09:01:35.146624,375,114.22,3.02,8.23,6.73,Late
TR2214,T019,D008,R005,2025-12-09 09:01:35.148213,613,165.14,6.2,15.53,12.56,Late
TR2215,T001,D015,R004,2026-01-27 09:01:35.150299,338,117.45,3.53,7.0,5.73,Late
TR2216,T071,D029,R006,2026-05-03 09:01:35.151299,603,145.57,2.2,11.66,11.45,Late
TR2217,T055,D003,R004,2026-03-02 09:01:35.153299,374,83.79,2.51,7.22,6.94,Late
TR2218,T018,D036,R005,2026-08-26 09:01:35.155299,608,221.43,5.62,13.45,10.78,Late
TR2219,T036,D049,R006,2025-09-30 09:01:35.157299,572,159.02,3.68,13.58,11.67,Late
TR2220,T006,D037,R002,2025-11-01 09:01:35.159309,289,75.64,2.45,5.64,6.3,On Time
TR2221,T037,D026,R005,2026-05-03 09:01:35.161300,624,209.3,5.96,14.1,12.92,Late
TR2222,T046,D035,R006,2026-05-27 09:01:35.163305,619,208.23,2.68,14.79,13.65,Late
TR2223,T050,D014,R008,2025-11-28 09:01:35.165000,277,77.3,2.7,5.59,6.12,On Time
TR2224,T035,D029,R003,2026-05-26 09:01:35.166102,411,118.36,2.46,10.52,8.85,Late
TR2225,T079,D040,R008,2026-09-15 09:01:35.168112,274,63.96,2.22,4.48,4.66,On Time
TR2226,T040,D004,R005,2026-05-30 09:01:35.170098,624,170.53,2.99,11.61,11.56,Late
TR2227,T011,D050,R006,2026-03-04 09:01:35.172105,592,150.83,5.37,13.13,11.46,Late
TR2228,T097,D037,R008,2025-10-07 09:01:35.173103,288,113.12,2.46,4.75,5.1,On Time
TR2229,T068,D026,R006,2026-02-02 09:01:35.176118,587,186.7,4.4,12.26,11.18,Late
TR2230,T048,D043,R006,2026-03-07 09:01:35.177110,575,147.18,2.67,12.03,10.65,Late
TR2231,T052,D041,R001,2026-04-21 09:01:35.179093,560,190.75,5.39,10.68,11.13,On Time
TR2232,T049,D007,R001,2025-12-02 09:01:35.181093,585,137.47,2.92,11.08,9.85,Late
TR2233,T090,D042,R001,2026-03-24 09:01:35.182810,551,161.85,3.36,9.72,9.67,Late
TR2234,T003,D018,R005,2026-02-05 09:01:35.184807,628,186.21,3.09,12.39,12.15,Late
TR2235,T030,D014,R002,2026-06-22 09:01:35.185807,249,77.01,2.14,4.32,4.15,Late
TR2236,T075,D027,R006,2026-08-29 09:01:35.187807,607,171.74,5.88,10.64,11.46,On Time
TR2237,T047,D016,R004,2026-07-31 09:01:35.189807,337,83.8,3.01,8.84,7.27,Late
TR2238,T071,D029,R005,2026-07-02 09:01:35.191812,600,199.95,3.25,10.81,11.35,On Time
TR2239,T056,D050,R005,2026-06-23 09:01:35.193807,614,144.74,4.22,13.03,12.85,Late
TR2240,T030,D014,R008,2026-06-18 09:01:35.194807,319,118.83,2.27,7.75,6.97,Late
TR2241,T061,D022,R008,2026-06-08 09:01:35.196807,324,96.82,2.57,5.84,6.82,On Time
TR2242,T010,D025,R002,2025-12-17 09:01:35.198418,236,58.33,2.08,5.6,4.81,Late
TR2243,T060,D020,R004,2026-06-13 09:01:35.200413,369,91.75,2.4,6.02,6.61,On Time
TR2244,T002,D029,R004,2026-09-06 09:01:35.202413,354,84.07,2.82,6.62,6.27,Late
TR2245,T008,D011,R004,2026-07-11 09:01:35.203413,359,129.61,2.4,7.16,7.85,On Time
TR2246,T078,D008,R001,2026-01-27 09:01:35.205413,600,185.51,2.66,10.94,10.57,Late
TR2247,T015,D038,R006,2026-08-13 09:01:35.207417,611,203.91,5.89,12.89,11.19,Late
TR2248,T018,D036,R007,2026-02-26 09:01:35.209413,676,219.88,4.78,13.36,12.77,Late
TR2249,T093,D023,R001,2025-12-24 09:01:35.211413,572,133.72,3.33,12.2,11.0,Late
TR2250,T078,D008,R008,2025-12-22 09:01:35.212413,300,76.21,2.88,6.13,5.33,Late
TR2251,T022,D032,R006,2026-08-10 09:01:35.214964,598,141.85,4.38,11.02,12.75,On Time
TR2252,T048,D043,R007,2026-03-08 09:01:35.216049,729,235.4,3.52,13.68,13.48,Late
TR2253,T004,D007,R004,2025-10-25 09:01:35.218045,354,101.89,3.23,5.89,6.29,On Time
TR2254,T058,D043,R006,2026-04-15 09:01:35.220045,621,168.71,3.57,9.97,11.01,On Time
TR2255,T019,D008,R002,2026-02-24 09:01:35.222048,233,54.17,2.29,3.79,3.98,On Time
TR2256,T060,D020,R003,2026-08-21 09:01:35.223045,383,89.81,2.47,7.49,7.37,Late
TR2257,T019,D008,R005,2026-03-21 09:01:35.225051,654,173.01,3.99,14.05,14.06,On Time
TR2258,T050,D014,R008,2026-03-19 09:01:35.227044,320,84.06,2.77,6.76,6.21,Late
TR2259,T071,D029,R008,2026-08-13 09:01:35.229045,294,113.91,2.33,5.85,4.92,Late
TR2260,T025,D034,R008,2026-07-04 09:01:35.230045,283,65.15,2.7,7.43,5.96,Late
TR2261,T072,D043,R006,2026-03-10 09:01:35.231571,583,222.54,2.1,12.2,11.07,Late
TR2262,T052,D041,R007,2026-04-24 09:01:35.233641,697,170.12,3.86,14.76,13.43,Late
TR2263,T067,D047,R002,2025-12-27 09:01:35.235641,269,97.94,2.02,5.45,5.22,Late
TR2264,T100,D027,R003,2026-06-30 09:01:35.237653,395,99.81,3.77,6.47,7.38,On Time
TR2265,T049,D007,R003,2026-05-03 09:01:35.239647,381,99.71,2.27,8.41,7.38,Late
TR2266,T098,D007,R001,2026-05-27 09:01:35.241641,605,209.15,2.16,10.71,11.15,On Time
TR2267,T039,D013,R004,2026-02-15 09:01:35.243641,334,75.79,3.31,7.51,6.97,Late
TR2268,T020,D033,R003,2026-09-16 09:01:35.244645,387,107.68,3.88,9.65,7.93,Late
TR2269,T021,D010,R006,2026-05-27 09:01:35.246641,620,240.78,3.85,12.92,11.09,Late
TR2270,T022,D032,R003,2026-03-25 09:01:35.248645,419,108.97,3.17,10.03,8.97,Late
TR2271,T048,D043,R008,2025-12-10 09:01:35.249641,318,92.5,2.84,5.79,5.36,Late
TR2272,T095,D031,R005,2025-10-02 09:01:35.251641,618,164.23,5.57,11.3,12.39,On Time
TR2273,T076,D016,R002,2026-05-14 09:01:35.253646,265,68.56,2.14,5.39,4.64,Late
TR2274,T003,D018,R005,2026-01-04 09:01:35.255641,624,179.99,6.15,13.17,12.5,Late
TR2275,T052,D041,R004,2026-07-24 09:01:35.257641,337,76.52,3.35,8.14,6.81,Late
TR2276,T072,D043,R008,2026-01-22 09:01:35.259643,278,66.36,2.85,7.1,5.76,Late
TR2277,T013,D042,R006,2026-02-14 09:01:35.260641,610,170.18,4.24,13.87,12.09,Late
TR2278,T039,D013,R006,2025-10-12 09:01:35.262641,571,191.29,2.26,12.92,10.51,Late
TR2279,T041,D033,R007,2026-06-30 09:01:35.264641,735,171.78,4.1,16.77,14.26,Late
TR2280,T004,D007,R005,2026-01-08 09:01:35.266249,618,141.25,5.96,12.47,13.21,On Time
TR2281,T051,D041,R005,2026-05-15 09:01:35.268246,634,216.53,4.61,11.63,12.32,On Time
TR2282,T022,D032,R006,2026-08-05 09:01:35.270246,587,208.28,2.4,11.77,11.76,Late
TR2283,T011,D050,R002,2026-07-31 09:01:35.271246,282,70.95,2.58,6.1,5.97,Late
TR2284,T090,D042,R001,2026-08-31 09:01:35.273246,588,209.72,2.5,13.34,12.85,Late
TR2285,T047,D016,R001,2025-11-28 09:01:35.275246,590,152.4,2.33,10.21,10.28,On Time
TR2286,T022,D032,R007,2026-08-05 09:01:35.276252,733,234.97,7.0,19.68,15.76,Late
TR2287,T079,D040,R007,2026-02-28 09:01:35.278246,676,163.17,6.17,12.96,14.12,On Time
TR2288,T063,D007,R003,2026-08-11 09:01:35.280246,366,120.61,3.58,8.78,7.41,Late
TR2289,T037,D026,R007,2025-10-22 09:01:35.281835,684,260.09,5.93,12.07,12.65,On Time
TR2290,T066,D028,R003,2026-02-27 09:01:35.283832,366,104.79,3.62,7.29,7.57,On Time
TR2291,T086,D020,R004,2025-12-30 09:01:35.285832,344,88.44,2.5,5.98,6.02,On Time
TR2292,T084,D022,R004,2026-04-11 09:01:35.286832,379,91.78,3.09,9.03,7.39,Late
TR2293,T027,D015,R002,2026-08-17 09:01:35.288832,247,72.17,2.36,3.85,4.45,On Time
TR2294,T016,D049,R004,2026-08-10 09:01:35.290832,343,126.32,2.46,6.03,6.63,On Time
TR2295,T043,D027,R007,2026-02-19 09:01:35.291832,720,229.31,2.62,15.45,14.82,Late
TR2296,T083,D025,R006,2025-09-18 09:01:35.293832,608,138.65,2.83,12.38,11.41,Late
TR2297,T061,D022,R005,2026-08-14 09:01:35.295832,638,248.47,2.21,12.48,13.47,On Time
TR2298,T033,D026,R008,2026-02-25 09:01:35.297832,288,100.24,2.74,6.11,5.49,Late
TR2299,T042,D026,R002,2026-02-12 09:01:35.299387,260,94.01,2.41,6.44,5.21,Late
TR2300,T097,D037,R007,2026-06-24 09:01:35.301389,712,168.07,6.83,17.86,14.91,Late
TR2301,T054,D038,R001,2026-07-07 09:01:35.303385,552,158.9,2.9,8.39,9.23,On Time
TR2302,T078,D008,R004,2026-02-15 09:01:35.304407,365,82.69,2.06,7.09,6.23,Late
TR2303,T002,D029,R007,2026-03-28 09:01:35.306385,716,222.26,2.01,15.65,14.28,Late
TR2304,T062,D002,R005,2026-03-30 09:01:35.308385,646,155.71,4.91,11.49,12.3,On Time
TR2305,T095,D031,R004,2025-11-18 09:01:35.310385,381,108.55,3.0,8.67,7.19,Late
TR2306,T079,D040,R008,2026-01-27 09:01:35.311385,276,81.9,2.91,5.45,4.66,Late
TR2307,T076,D016,R003,2026-04-24 09:01:35.313385,395,128.23,2.63,6.8,6.59,Late
TR2308,T053,D008,R001,2026-02-15 09:01:35.315331,584,155.56,5.5,10.68,10.27,Late
TR2309,T078,D008,R004,2026-01-29 09:01:35.317406,370,124.92,2.43,8.08,7.44,Late
TR2310,T084,D022,R007,2026-05-09 09:01:35.319406,730,283.23,4.0,18.26,15.07,Late
TR2311,T001,D015,R002,2026-05-17 09:01:35.320406,265,89.57,2.25,6.46,5.48,Late
TR2312,T056,D050,R002,2025-12-11 09:01:35.322406,235,53.2,2.58,3.95,4.12,On Time
TR2313,T003,D018,R008,2026-04-13 09:01:35.324406,296,69.86,2.72,6.12,5.29,Late
TR2314,T085,D050,R004,2025-12-08 09:01:35.325406,337,96.47,2.47,6.68,6.28,Late
TR2315,T015,D038,R003,2026-04-01 09:01:35.327406,414,139.41,2.34,7.43,6.92,Late
TR2316,T084,D022,R006,2026-05-14 09:01:35.329406,578,228.6,5.75,11.03,11.24,On Time
TR2317,T003,D018,R003,2025-10-15 09:01:35.331164,366,132.62,2.56,6.21,6.51,On Time
TR2318,T033,D026,R007,2026-03-15 09:01:35.333236,702,248.61,2.49,15.6,13.66,Late
TR2319,T037,D026,R001,2026-08-08 09:01:35.335234,566,125.9,5.71,11.3,10.22,Late
TR2320,T016,D049,R002,2026-05-01 09:01:35.336235,286,65.38,2.6,4.22,4.82,On Time
TR2321,T015,D038,R002,2025-12-17 09:01:35.338234,280,82.29,2.29,6.92,5.98,Late
TR2322,T016,D049,R004,2026-07-31 09:01:35.340234,364,94.89,2.58,6.54,7.4,On Time
TR2323,T050,D014,R001,2025-11-03 09:01:35.342241,598,207.74,5.03,11.53,10.11,Late
TR2324,T099,D023,R001,2025-12-23 09:01:35.344234,552,123.1,5.07,11.49,11.64,On Time
TR2325,T069,D044,R002,2026-09-01 09:01:35.345235,244,70.57,2.21,4.56,4.14,Late
TR2326,T050,D014,R006,2026-02-22 09:01:35.347979,616,153.48,2.84,13.96,13.23,Late
TR2327,T025,D034,R002,2026-08-13 09:01:35.349034,271,71.79,2.61,5.5,4.79,Late
TR2328,T096,D011,R004,2025-12-05 09:01:35.351029,348,83.47,3.26,6.86,5.9,Late
TR2329,T050,D014,R005,2026-01-28 09:01:35.353029,617,163.01,2.8,11.15,12.86,On Time
TR2330,T074,D002,R006,2026-03-27 09:01:35.355029,588,232.02,3.65,10.69,10.7,On Time
TR2331,T001,D015,R007,2025-11-16 09:01:35.356029,696,164.77,4.63,17.86,15.04,Late
TR2332,T099,D023,R003,2025-12-08 09:01:35.358029,367,99.57,3.38,7.54,7.04,Late
TR2333,T044,D017,R003,2026-04-07 09:01:35.360029,367,97.87,2.47,9.56,8.07,Late
TR2334,T069,D044,R006,2026-04-16 09:01:35.361029,618,184.41,4.63,12.1,13.56,On Time
TR2335,T018,D036,R003,2026-03-26 09:01:35.364032,404,133.93,3.61,7.26,7.97,On Time
TR2336,T010,D025,R008,2026-02-20 09:01:35.365660,297,92.02,2.02,6.48,5.66,Late
TR2337,T037,D026,R008,2025-12-22 09:01:35.366656,284,98.97,2.57,5.54,6.12,On Time
TR2338,T013,D042,R007,2026-04-07 09:01:35.368656,699,256.35,6.5,13.56,11.72,Late
TR2339,T024,D049,R007,2026-04-28 09:01:35.370656,712,243.45,3.58,11.77,12.49,On Time
TR2340,T098,D007,R001,2025-09-17 09:01:35.372656,582,145.15,4.07,8.75,9.92,On Time
TR2341,T074,D002,R005,2026-04-17 09:01:35.373656,652,168.0,2.43,14.12,13.18,Late
TR2342,T052,D041,R006,2026-07-31 09:01:35.375656,614,140.77,4.61,14.85,12.36,Late
TR2343,T035,D029,R002,2025-11-19 09:01:35.377656,279,107.14,2.0,7.45,6.06,Late
TR2344,T062,D002,R005,2026-05-04 09:01:35.379656,599,174.21,2.68,12.67,11.88,Late
TR2345,T072,D043,R003,2025-10-19 09:01:35.381353,417,102.0,3.74,8.27,9.02,On Time
TR2346,T090,D042,R005,2025-09-19 09:01:35.382405,652,240.79,2.54,11.83,11.4,Late
TR2347,T095,D031,R008,2026-09-14 09:01:35.384403,316,74.75,2.64,7.48,6.0,Late
TR2348,T035,D029,R008,2025-12-10 09:01:35.386403,300,73.36,2.22,4.9,5.3,On Time
TR2349,T056,D050,R003,2026-04-20 09:01:35.387403,373,100.09,2.65,8.66,7.34,Late
TR2350,T052,D041,R007,2025-11-05 09:01:35.389403,713,214.56,6.33,12.72,13.28,On Time
TR2351,T016,D049,R004,2026-07-20 09:01:35.391403,379,113.46,2.67,7.27,6.93,Late
TR2352,T025,D034,R006,2025-10-23 09:01:35.393404,613,203.93,4.3,12.06,13.06,On Time
TR2353,T086,D020,R007,2026-08-24 09:01:35.395406,691,249.92,5.7,18.93,15.15,Late
TR2354,T088,D043,R005,2025-11-26 09:01:35.397409,622,224.88,2.01,15.9,12.89,Late
TR2355,T027,D015,R008,2026-03-26 09:01:35.399026,309,113.54,2.19,5.66,5.57,Late
TR2356,T019,D008,R003,2026-04-03 09:01:35.400023,369,93.45,3.86,7.78,6.5,Late
TR2357,T049,D007,R006,2025-10-26 09:01:35.402023,608,171.86,2.58,13.81,12.38,Late
TR2358,T050,D014,R008,2026-05-15 09:01:35.404022,286,99.44,2.46,6.39,5.2,Late
TR2359,T036,D049,R007,2026-08-16 09:01:35.406022,703,270.61,5.95,16.16,15.61,Late
TR2360,T008,D011,R005,2026-04-22 09:01:35.407022,644,188.44,2.6,13.25,13.05,Late
TR2361,T036,D049,R005,2025-12-19 09:01:35.409023,608,181.37,2.28,15.66,13.45,Late
TR2362,T059,D003,R008,2026-04-28 09:01:35.411027,286,92.07,2.79,5.5,5.91,On Time
TR2363,T050,D014,R008,2026-09-08 09:01:35.413022,281,99.61,2.73,7.05,5.82,Late
TR2364,T083,D025,R005,2025-10-23 09:01:35.414588,628,192.1,5.99,11.24,10.5,Late
TR2365,T015,D038,R002,2026-04-30 09:01:35.416639,249,63.16,2.53,5.3,4.71,Late
TR2366,T067,D047,R006,2026-07-24 09:01:35.417639,617,197.73,2.96,10.57,12.08,On Time
TR2367,T037,D026,R003,2025-12-06 09:01:35.419639,376,91.27,3.63,7.45,6.67,Late
TR2368,T074,D002,R006,2025-12-20 09:01:35.421639,617,141.88,2.01,11.55,10.49,Late
TR2369,T003,D018,R008,2026-03-26 09:01:35.423639,284,70.35,2.0,5.11,5.02,Late
TR2370,T025,D034,R001,2026-05-11 09:01:35.425658,558,205.38,4.62,13.0,11.25,Late
TR2371,T035,D029,R007,2025-11-12 09:01:35.426643,713,245.95,4.86,16.58,13.97,Late
TR2372,T046,D035,R008,2026-04-03 09:01:35.428639,270,82.83,2.04,5.99,4.97,Late
TR2373,T044,D017,R001,2026-05-23 09:01:35.430639,569,165.27,3.62,11.51,11.7,On Time
TR2374,T072,D043,R008,2026-05-21 09:01:35.432089,265,68.31,2.39,6.88,5.69,Late
TR2375,T006,D037,R004,2026-07-26 09:01:35.434086,347,101.04,3.12,7.49,6.54,Late
TR2376,T071,D029,R004,2026-03-11 09:01:35.435086,362,91.95,2.16,7.01,7.49,On Time
TR2377,T033,D026,R001,2025-10-22 09:01:35.437086,547,126.14,4.22,13.34,10.7,Late
TR2378,T058,D043,R008,2026-07-18 09:01:35.439086,321,110.0,2.09,6.06,6.41,On Time
TR2379,T033,D026,R004,2026-05-16 09:01:35.441106,384,103.88,2.07,8.37,6.83,Late
TR2380,T089,D040,R003,2026-09-13 09:01:35.443087,377,105.24,3.76,7.75,6.87,Late
TR2381,T063,D007,R003,2026-07-27 09:01:35.444086,412,91.87,2.17,8.72,7.24,Late
TR2382,T075,D027,R003,2026-03-22 09:01:35.446086,374,85.98,3.78,7.77,7.61,Late
TR2383,T097,D037,R004,2025-10-30 09:01:35.447566,362,100.21,2.94,8.74,7.63,Late
TR2384,T086,D020,R005,2026-08-24 09:01:35.449646,614,212.82,5.13,10.11,10.71,On Time
TR2385,T026,D026,R001,2025-10-13 09:01:35.451643,599,205.27,3.69,13.19,12.75,Late
TR2386,T080,D017,R001,2026-03-13 09:01:35.453643,555,216.54,4.36,11.32,9.93,Late
TR2387,T098,D007,R001,2026-06-27 09:01:35.454643,566,135.75,3.79,12.38,11.0,Late
TR2388,T001,D015,R008,2026-02-13 09:01:35.456646,274,84.33,2.1,5.81,5.17,Late
TR2389,T098,D007,R007,2026-05-22 09:01:35.458643,686,234.64,5.54,12.95,14.5,On Time
TR2390,T022,D032,R006,2025-12-19 09:01:35.460643,583,148.44,5.76,12.6,10.47,Late
TR2391,T076,D016,R003,2026-01-28 09:01:35.462643,417,94.26,2.3,7.61,7.75,On Time
TR2392,T077,D015,R005,2026-06-20 09:01:35.464046,631,165.14,4.61,13.47,13.08,Late
TR2393,T057,D012,R001,2026-09-06 09:01:35.466085,564,180.11,2.74,12.73,10.43,Late
TR2394,T038,D030,R002,2025-11-23 09:01:35.467085,256,63.29,2.07,4.37,4.93,On Time
TR2395,T089,D040,R003,2026-07-21 09:01:35.469085,368,85.55,3.06,8.59,7.6,Late
TR2396,T051,D041,R007,2026-08-20 09:01:35.471085,734,193.19,4.62,15.51,13.18,Late
TR2397,T069,D044,R006,2025-12-30 09:01:35.473086,622,209.88,5.4,16.09,13.26,Late
TR2398,T070,D020,R003,2025-12-22 09:01:35.475091,416,157.08,3.02,6.93,7.84,On Time
TR2399,T034,D009,R004,2026-02-10 09:01:35.476085,350,110.61,2.8,6.85,7.44,On Time
TR2400,T027,D015,R001,2025-12-25 09:01:35.478085,555,135.18,2.56,12.69,11.49,Late
TR2401,T057,D012,R005,2026-04-05 09:01:35.480085,601,179.71,3.97,9.73,11.03,On Time
TR2402,T088,D043,R005,2026-09-11 09:01:35.481445,614,136.89,5.33,10.58,12.26,On Time
TR2403,T100,D027,R002,2026-08-05 09:01:35.483490,274,70.59,2.2,5.39,4.73,Late
TR2404,T097,D037,R005,2026-06-11 09:01:35.484489,644,156.46,4.05,10.57,11.97,On Time
TR2405,T013,D042,R006,2025-10-29 09:01:35.486489,594,146.04,4.96,11.17,11.19,On Time
TR2406,T078,D008,R006,2025-10-07 09:01:35.488493,567,143.97,2.46,9.24,9.48,On Time
TR2407,T065,D046,R005,2025-12-11 09:01:35.490489,638,207.16,5.47,11.81,12.92,On Time
TR2408,T077,D015,R004,2026-08-08 09:01:35.492489,376,102.94,2.25,7.54,7.21,Late
TR2409,T098,D007,R005,2026-01-19 09:01:35.493489,615,175.57,2.17,10.56,10.82,On Time
TR2410,T056,D050,R005,2026-05-06 09:01:35.495490,626,245.25,5.78,9.87,11.6,On Time
TR2411,T049,D007,R007,2026-04-29 09:01:35.497489,698,184.98,4.68,17.17,15.07,Late
TR2412,T052,D041,R008,2026-05-02 09:01:35.499099,288,79.43,2.48,5.39,5.93,On Time
TR2413,T042,D026,R006,2025-11-25 09:01:35.501239,589,154.08,3.49,13.74,11.66,Late
TR2414,T006,D037,R008,2026-06-02 09:01:35.503237,299,76.11,2.23,4.79,5.5,On Time
TR2415,T078,D008,R007,2026-09-08 09:01:35.504237,730,195.79,5.91,13.96,14.07,On Time
TR2416,T100,D027,R003,2026-07-14 09:01:35.506237,400,90.78,2.12,7.34,6.92,Late
TR2417,T035,D029,R002,2025-12-20 09:01:35.508237,283,109.1,2.08,6.08,6.04,Late
TR2418,T072,D043,R007,2026-05-07 09:01:35.509237,734,206.26,6.87,17.91,16.28,Late
TR2419,T083,D025,R005,2026-05-12 09:01:35.511237,608,169.13,4.2,14.03,11.67,Late
TR2420,T049,D007,R005,2026-05-02 09:01:35.513237,642,159.4,3.03,10.62,12.13,On Time
TR2421,T087,D015,R004,2026-06-21 09:01:35.515474,338,121.45,2.86,7.43,6.63,Late
TR2422,T083,D025,R001,2026-09-06 09:01:35.516960,589,153.63,2.92,11.5,11.87,On Time
TR2423,T054,D038,R002,2025-12-20 09:01:35.518955,280,71.17,2.27,6.32,5.54,Late
TR2424,T014,D009,R003,2026-08-27 09:01:35.520955,379,85.72,3.56,8.04,7.77,Late
TR2425,T038,D030,R005,2026-03-09 09:01:35.521955,657,147.16,5.24,12.81,12.92,On Time
TR2426,T006,D037,R002,2026-03-26 09:01:35.523955,243,73.49,2.34,5.62,5.02,Late
TR2427,T024,D049,R001,2025-10-09 09:01:35.525955,565,195.95,2.32,11.12,9.74,Late
TR2428,T049,D007,R007,2025-11-26 09:01:35.526955,695,209.19,6.86,13.65,14.13,On Time
TR2429,T068,D026,R002,2026-07-23 09:01:35.528955,264,60.93,2.23,5.47,5.82,On Time
TR2430,T072,D043,R004,2026-03-31 09:01:35.531312,378,107.94,3.19,9.86,7.93,Late
TR2431,T018,D036,R003,2026-03-26 09:01:35.533952,389,104.56,2.07,7.85,7.01,Late
TR2432,T088,D043,R006,2026-05-29 09:01:35.535947,606,231.74,2.83,9.92,10.49,On Time
TR2433,T098,D007,R004,2026-04-08 09:01:35.536947,386,120.24,3.45,6.4,6.72,On Time
TR2434,T016,D049,R007,2026-08-01 09:01:35.538947,701,177.16,2.48,14.4,12.28,Late
TR2435,T077,D015,R005,2025-12-12 09:01:35.540947,626,176.22,2.21,13.06,11.21,Late
TR2436,T026,D026,R006,2026-05-29 09:01:35.542947,581,157.6,2.53,9.91,10.67,On Time
TR2437,T083,D025,R001,2026-08-30 09:01:35.543947,567,126.03,4.73,12.6,12.44,Late
TR2438,T011,D050,R005,2026-04-02 09:01:35.545947,655,163.75,6.23,12.18,11.61,Late
TR2439,T013,D042,R003,2025-12-22 09:01:35.547947,389,87.98,3.69,7.81,6.72,Late
TR2440,T002,D029,R003,2026-09-01 09:01:35.549624,418,145.66,3.11,9.1,7.29,Late
TR2441,T043,D027,R002,2025-12-22 09:01:35.551620,281,84.38,2.57,6.26,5.28,Late
TR2442,T032,D028,R008,2026-05-04 09:01:35.553616,308,94.64,2.69,6.69,5.91,Late
TR2443,T077,D015,R006,2025-11-03 09:01:35.554616,573,129.62,4.69,11.89,9.77,Late
TR2444,T051,D041,R005,2026-08-08 09:01:35.556616,620,166.69,3.33,14.87,12.35,Late
TR2445,T010,D025,R004,2026-04-23 09:01:35.558616,385,140.19,2.18,8.44,7.28,Late
TR2446,T038,D030,R008,2026-09-03 09:01:35.560616,278,93.83,2.55,5.18,5.25,On Time
TR2447,T097,D037,R004,2026-05-29 09:01:35.561616,360,124.59,2.99,5.74,6.29,On Time
TR2448,T065,D046,R007,2026-02-14 09:01:35.563616,685,258.78,2.39,13.02,13.23,On Time
TR2449,T033,D026,R004,2026-07-12 09:01:35.565755,393,152.74,2.85,7.98,6.99,Late
TR2450,T053,D008,R004,2026-03-28 09:01:35.567812,394,98.64,2.39,7.56,6.86,Late
TR2451,T051,D041,R002,2025-09-26 09:01:35.568812,259,76.84,2.06,3.95,4.55,On Time
TR2452,T096,D011,R003,2026-06-10 09:01:35.570811,368,109.75,3.66,7.82,6.38,Late
TR2453,T008,D011,R007,2025-11-09 09:01:35.572812,709,166.05,2.45,14.19,14.06,Late
TR2454,T098,D007,R006,2026-05-31 09:01:35.573812,567,173.26,2.4,9.02,10.26,On Time
TR2455,T023,D004,R007,2026-02-08 09:01:35.575811,725,246.83,4.58,12.3,12.4,On Time
TR2456,T024,D049,R008,2026-02-11 09:01:35.577811,291,79.86,2.72,6.62,5.57,Late
TR2457,T083,D025,R006,2026-05-04 09:01:35.579814,623,223.68,3.15,13.71,12.94,Late
TR2458,T006,D037,R003,2025-12-20 09:01:35.581767,367,122.98,3.87,5.35,6.28,On Time
TR2459,T100,D027,R005,2025-12-09 09:01:35.582819,609,191.2,5.15,14.99,12.54,Late
TR2460,T068,D026,R001,2025-11-06 09:01:35.584815,555,167.43,4.73,12.76,11.52,Late
TR2461,T007,D006,R003,2025-11-10 09:01:35.586815,366,95.46,3.56,7.97,7.07,Late
TR2462,T065,D046,R003,2026-04-21 09:01:35.587815,383,85.37,2.54,6.25,7.13,On Time
TR2463,T024,D049,R006,2025-11-22 09:01:35.589815,625,246.88,5.2,13.0,10.43,Late
TR2464,T052,D041,R007,2026-02-13 09:01:35.591815,724,195.9,5.88,16.58,13.51,Late
TR2465,T074,D002,R001,2025-12-08 09:01:35.592815,598,183.9,4.42,10.22,10.55,On Time
TR2466,T098,D007,R004,2026-01-26 09:01:35.594815,372,93.19,2.15,7.79,6.75,Late
TR2467,T067,D047,R003,2025-10-25 09:01:35.596819,378,135.47,3.81,7.2,6.66,Late
TR2468,T032,D028,R005,2026-01-03 09:01:35.598974,606,191.73,5.79,11.18,13.02,On Time
TR2469,T073,D049,R006,2026-06-11 09:01:35.600588,605,148.12,2.43,12.88,10.46,Late
TR2470,T100,D027,R006,2026-02-08 09:01:35.602582,617,149.08,3.6,11.32,12.49,On Time
TR2471,T072,D043,R007,2025-12-05 09:01:35.604582,736,282.04,4.39,11.64,13.55,On Time
TR2472,T051,D041,R002,2026-09-01 09:01:35.605582,272,99.44,2.4,5.97,4.82,Late
TR2473,T023,D004,R004,2026-05-23 09:01:35.607582,381,129.95,2.85,8.9,7.13,Late
TR2474,T029,D003,R008,2026-05-15 09:01:35.609582,284,73.95,2.84,5.23,5.26,On Time
TR2475,T067,D047,R006,2026-04-24 09:01:35.611582,574,150.48,5.28,9.21,10.75,On Time
TR2476,T045,D021,R008,2025-09-26 09:01:35.612582,290,67.84,2.53,5.62,6.2,On Time
TR2477,T056,D050,R003,2026-02-21 09:01:35.614582,381,148.84,3.12,7.77,6.68,Late
TR2478,T046,D035,R003,2025-12-09 09:01:35.617869,394,102.26,2.73,7.32,7.65,On Time
TR2479,T049,D007,R008,2026-09-09 09:01:35.619864,286,86.3,2.53,7.33,6.2,Late
TR2480,T055,D003,R008,2026-06-11 09:01:35.621871,270,70.24,2.76,4.43,4.88,On Time
TR2481,T041,D033,R001,2026-06-10 09:01:35.622870,583,183.7,4.93,8.9,9.91,On Time
TR2482,T052,D041,R008,2025-12-30 09:01:35.624871,298,106.51,2.26,6.42,5.54,Late
TR2483,T006,D037,R004,2026-05-25 09:01:35.626871,388,151.63,2.0,6.8,6.53,Late
TR2484,T086,D020,R001,2026-03-01 09:01:35.628871,601,170.36,2.24,13.5,11.13,Late
TR2485,T008,D011,R007,2026-08-09 09:01:35.629871,683,163.89,2.41,12.72,12.1,Late
TR2486,T025,D034,R005,2026-09-03 09:01:35.633006,649,174.29,2.2,13.35,11.32,Late
TR2487,T009,D039,R006,2026-04-19 09:01:35.635073,590,165.93,4.49,10.47,10.89,On Time
TR2488,T010,D025,R004,2026-06-18 09:01:35.636072,388,97.6,3.42,8.58,8.47,Late
TR2489,T067,D047,R004,2025-10-30 09:01:35.638072,346,81.53,2.24,6.46,5.84,Late
TR2490,T094,D016,R001,2026-01-06 09:01:35.640071,570,193.81,3.66,9.93,11.59,On Time
TR2491,T077,D015,R008,2026-07-07 09:01:35.642071,282,85.94,2.68,7.55,6.15,Late
TR2492,T098,D007,R008,2026-09-07 09:01:35.643072,319,95.99,2.52,6.14,6.79,On Time
TR2493,T012,D018,R006,2026-03-04 09:01:35.645078,613,144.41,5.66,12.95,10.97,Late
TR2494,T021,D010,R002,2026-05-05 09:01:35.647072,268,68.74,2.01,5.74,4.96,Late
TR2495,T068,D026,R006,2026-06-05 09:01:35.648768,609,170.73,3.8,12.29,13.24,On Time
TR2496,T012,D018,R001,2026-06-21 09:01:35.650761,606,219.14,2.76,10.21,10.28,On Time
TR2497,T052,D041,R002,2026-06-04 09:01:35.652761,238,69.3,2.53,4.18,4.04,Late
TR2498,T022,D032,R004,2026-07-21 09:01:35.653761,377,139.46,2.36,5.93,6.98,On Time
TR2499,T055,D003,R005,2026-01-20 09:01:35.655761,612,147.46,4.12,10.02,10.25,On Time
TR2500,T074,D002,R002,2025-10-10 09:01:35.657760,254,78.11,2.34,5.46,5.31,Late
TR2501,T040,D004,R004,2025-11-24 09:01:35.658760,350,94.98,2.53,5.74,6.26,On Time
TR2502,T019,D008,R003,2026-07-30 09:01:35.660761,415,126.09,2.82,9.77,7.88,Late
TR2503,T037,D026,R001,2026-07-26 09:01:35.662764,550,185.0,3.5,10.87,11.44,On Time
TR2504,T069,D044,R007,2026-01-04 09:01:35.664287,682,156.59,5.38,13.34,11.64,Late
TR2505,T022,D032,R005,2026-07-31 09:01:35.666336,655,227.96,5.75,13.25,14.49,On Time
TR2506,T076,D016,R001,2025-12-25 09:01:35.668336,581,139.84,5.51,11.58,12.49,On Time
TR2507,T054,D038,R002,2025-09-30 09:01:35.670336,242,66.39,2.38,5.71,4.83,Late
TR2508,T030,D014,R006,2025-12-14 09:01:35.671336,614,183.17,2.96,12.84,10.7,Late
TR2509,T015,D038,R008,2026-02-19 09:01:35.673336,318,90.07,2.03,7.47,5.98,Late
TR2510,T030,D014,R004,2025-09-22 09:01:35.675336,370,92.49,2.97,5.35,6.23,On Time
TR2511,T093,D023,R005,2026-01-27 09:01:35.676336,637,189.73,4.04,14.4,11.54,Late
TR2512,T008,D011,R001,2025-12-25 09:01:35.679340,572,135.49,4.94,13.2,10.91,Late
TR2513,T019,D008,R005,2025-12-14 09:01:35.680348,652,159.62,2.61,10.99,12.92,On Time
TR2514,T085,D050,R003,2025-10-06 09:01:35.682943,413,145.33,2.3,8.45,8.54,On Time
TR2515,T051,D041,R003,2025-12-14 09:01:35.684112,403,94.89,3.88,9.26,7.98,Late
TR2516,T014,D009,R003,2025-12-23 09:01:35.686107,403,133.01,3.24,8.61,7.53,Late
TR2517,T023,D004,R001,2026-01-26 09:01:35.688107,551,123.45,4.85,12.6,11.7,Late
TR2518,T006,D037,R003,2026-02-08 09:01:35.689107,395,107.3,3.18,6.68,6.98,On Time
TR2519,T070,D020,R003,2026-07-14 09:01:35.691107,378,92.95,3.7,8.02,6.51,Late
TR2520,T005,D035,R002,2026-05-22 09:01:35.693107,286,90.46,2.41,6.86,6.28,Late
TR2521,T070,D020,R006,2025-12-31 09:01:35.695107,593,133.26,5.84,12.38,10.99,Late
TR2522,T083,D025,R003,2025-11-08 09:01:35.696109,368,118.85,2.97,8.08,6.8,Late
TR2523,T081,D018,R003,2025-12-11 09:01:35.698587,364,95.93,2.96,7.62,7.39,Late
TR2524,T097,D037,R001,2026-06-17 09:01:35.700579,605,235.26,2.89,9.79,11.04,On Time
TR2525,T070,D020,R002,2025-10-15 09:01:35.702575,257,75.7,2.12,5.25,4.93,Late
TR2526,T079,D040,R007,2026-08-15 09:01:35.703574,704,230.83,5.64,15.34,12.42,Late
TR2527,T085,D050,R005,2026-07-02 09:01:35.705574,626,179.38,5.66,11.86,11.82,Late
TR2528,T074,D002,R003,2026-07-12 09:01:35.707574,418,123.93,2.61,9.47,7.97,Late
TR2529,T074,D002,R004,2025-12-18 09:01:35.708575,346,99.2,2.52,7.17,6.15,Late
TR2530,T068,D026,R002,2026-05-18 09:01:35.710574,232,70.36,2.23,5.34,4.85,Late
TR2531,T090,D042,R007,2026-03-01 09:01:35.712574,693,162.45,3.93,15.1,12.61,Late
TR2532,T080,D017,R007,2026-07-15 09:01:35.714592,697,180.05,2.85,11.23,13.02,On Time
TR2533,T070,D020,R004,2026-05-11 09:01:35.716278,345,85.04,2.3,6.88,6.88,On Time
TR2534,T068,D026,R005,2025-11-07 09:01:35.718415,622,181.8,3.26,11.07,12.22,On Time
TR2535,T082,D022,R007,2025-11-26 09:01:35.719415,691,183.39,6.28,15.63,14.7,Late
TR2536,T051,D041,R004,2025-11-27 09:01:35.721415,387,91.43,3.53,6.19,6.67,On Time
TR2537,T044,D017,R007,2026-04-02 09:01:35.723415,701,247.8,2.94,17.04,15.18,Late
TR2538,T098,D007,R002,2026-03-25 09:01:35.725415,253,64.13,2.24,3.95,4.29,On Time
TR2539,T074,D002,R001,2026-05-26 09:01:35.726415,557,168.42,3.29,12.39,10.35,Late
TR2540,T078,D008,R002,2026-01-01 09:01:35.728415,282,72.81,2.07,7.24,6.06,Late
TR2541,T091,D025,R005,2025-12-25 09:01:35.730415,622,192.07,3.12,15.2,13.71,Late
TR2542,T050,D014,R007,2026-01-10 09:01:35.731575,736,175.23,5.91,16.15,14.76,Late
TR2543,T037,D026,R004,2025-11-01 09:01:35.733860,386,127.67,2.2,8.33,8.56,On Time
TR2544,T087,D015,R003,2026-07-21 09:01:35.735860,417,118.31,3.74,9.48,7.77,Late
TR2545,T077,D015,R006,2026-03-30 09:01:35.737860,596,210.63,4.3,14.7,12.42,Late
TR2546,T035,D029,R001,2026-04-12 09:01:35.739860,597,231.81,2.33,9.69,10.37,On Time
TR2547,T038,D030,R004,2026-05-29 09:01:35.740860,363,133.7,3.2,5.88,6.32,On Time
TR2548,T047,D016,R006,2025-12-22 09:01:35.742860,605,141.61,2.39,11.0,10.57,Late
TR2549,T055,D003,R003,2026-05-03 09:01:35.744860,388,92.31,3.81,10.48,8.49,Late
TR2550,T020,D033,R005,2026-08-03 09:01:35.746860,641,151.59,2.15,10.83,11.24,On Time
TR2551,T046,D035,R002,2026-07-16 09:01:35.749090,243,71.19,2.43,5.51,4.48,Late
TR2552,T068,D026,R001,2026-01-15 09:01:35.750383,577,159.26,2.03,12.63,10.67,Late
TR2553,T047,D016,R007,2026-03-22 09:01:35.752375,684,230.3,4.04,13.93,12.98,Late
TR2554,T018,D036,R007,2026-02-09 09:01:35.754375,735,232.46,4.11,15.09,12.86,Late
TR2555,T042,D026,R008,2026-01-29 09:01:35.756379,319,78.85,2.51,7.08,6.07,Late
TR2556,T036,D049,R006,2025-12-29 09:01:35.757375,585,138.46,3.34,14.08,12.43,Late
TR2557,T095,D031,R003,2025-11-19 09:01:35.759375,417,108.63,2.8,7.74,7.85,On Time
TR2558,T047,D016,R007,2026-04-22 09:01:35.761375,726,171.49,2.9,15.17,12.78,Late
TR2559,T017,D039,R002,2025-09-27 09:01:35.762375,251,56.84,2.27,5.29,4.28,Late
TR2560,T043,D027,R008,2026-08-26 09:01:35.765302,265,95.59,2.15,5.52,4.59,Late
TR2561,T040,D004,R006,2026-08-10 09:01:35.767476,589,155.89,5.8,13.15,10.95,Late
TR2562,T017,D039,R008,2026-04-03 09:01:35.768474,305,71.68,2.82,6.19,5.24,Late
TR2563,T009,D039,R001,2026-06-04 09:01:35.770474,560,223.01,4.39,9.65,11.18,On Time
TR2564,T055,D003,R008,2026-04-24 09:01:35.772474,299,75.2,2.8,5.21,5.41,On Time
TR2565,T068,D026,R003,2026-01-08 09:01:35.773474,399,122.16,2.27,9.26,7.42,Late
TR2566,T089,D040,R006,2026-02-03 09:01:35.775474,625,212.28,4.85,13.35,12.08,Late
TR2567,T038,D030,R006,2025-12-27 09:01:35.777474,607,182.47,5.9,9.74,10.8,On Time
TR2568,T091,D025,R005,2026-08-12 09:01:35.778474,607,139.91,4.25,15.14,12.31,Late
TR2569,T023,D004,R004,2026-06-11 09:01:35.781295,379,105.67,3.37,7.58,6.62,Late
TR2570,T017,D039,R005,2025-10-31 09:01:35.783402,609,164.01,3.3,11.6,10.47,Late
TR2571,T012,D018,R007,2026-05-14 09:01:35.785393,679,208.65,4.1,13.33,15.05,On Time
TR2572,T063,D007,R002,2025-12-18 09:01:35.787393,242,83.22,2.1,4.49,4.54,On Time
TR2573,T061,D022,R003,2026-06-16 09:01:35.788393,385,108.84,3.71,8.58,8.31,Late
TR2574,T062,D002,R005,2025-10-30 09:01:35.790393,626,199.26,3.13,11.09,11.14,On Time
TR2575,T018,D036,R005,2026-07-06 09:01:35.792395,621,221.03,4.64,10.0,11.59,On Time
TR2576,T066,D028,R002,2025-10-15 09:01:35.793395,284,70.11,2.34,5.32,5.16,Late
TR2577,T094,D016,R008,2026-02-03 09:01:35.795393,270,82.19,2.9,4.68,5.07,On Time
TR2578,T083,D025,R003,2026-02-02 09:01:35.797394,390,136.79,3.5,7.04,7.52,On Time
TR2579,T094,D016,R007,2026-09-02 09:01:35.799394,689,158.33,3.65,15.54,12.57,Late
TR2580,T023,D004,R001,2026-02-18 09:01:35.801393,556,152.19,5.32,11.39,10.39,Late
TR2581,T013,D042,R004,2026-08-09 09:01:35.802393,380,113.29,3.05,9.07,7.61,Late
TR2582,T031,D031,R006,2025-10-17 09:01:35.804393,601,166.88,3.44,11.35,12.38,On Time
TR2583,T032,D028,R006,2025-12-06 09:01:35.806393,616,168.53,5.72,9.82,10.54,On Time
TR2584,T035,D029,R005,2026-01-07 09:01:35.807393,623,227.01,2.93,11.54,11.15,Late
TR2585,T051,D041,R001,2026-05-10 09:01:35.809407,565,188.69,4.18,12.26,12.47,On Time
TR2586,T100,D027,R006,2026-01-31 09:01:35.811394,597,160.38,4.39,9.85,10.68,On Time
TR2587,T075,D027,R001,2026-06-26 09:01:35.813394,575,229.51,2.21,11.01,10.73,Late
TR2588,T032,D028,R008,2026-01-05 09:01:35.814900,306,71.13,2.68,6.24,5.88,Late
TR2589,T028,D001,R001,2025-12-05 09:01:35.816980,578,147.61,5.57,9.13,10.09,On Time
TR2590,T067,D047,R003,2026-07-28 09:01:35.818980,375,135.8,2.26,9.25,8.26,Late
TR2591,T047,D016,R004,2026-06-12 09:01:35.819980,359,90.69,2.28,5.6,6.42,On Time
TR2592,T006,D037,R006,2025-09-30 09:01:35.821980,582,144.7,5.5,13.06,11.12,Late
TR2593,T067,D047,R006,2026-06-01 09:01:35.823980,598,170.28,4.75,11.06,11.17,On Time
TR2594,T093,D023,R002,2026-05-18 09:01:35.824980,277,65.07,2.4,5.0,5.04,On Time
TR2595,T051,D041,R002,2026-08-27 09:01:35.827982,291,110.99,2.13,5.81,5.05,Late
TR2596,T036,D049,R001,2025-11-27 09:01:35.828985,566,190.41,5.22,9.83,11.14,On Time
TR2597,T074,D002,R001,2026-06-25 09:01:35.831485,567,208.54,5.6,14.6,12.33,Late
TR2598,T094,D016,R004,2026-07-02 09:01:35.832537,370,86.1,3.05,5.48,6.38,On Time
TR2599,T022,D032,R006,2025-10-12 09:01:35.834533,615,141.26,2.1,11.96,10.4,Late
TR2600,T039,D013,R001,2026-06-10 09:01:35.836533,559,161.75,2.21,11.67,10.2,Late
TR2601,T026,D026,R004,2026-06-01 09:01:35.837533,392,156.19,3.13,7.94,7.65,Late
TR2602,T064,D039,R003,2025-10-27 09:01:35.839533,365,98.19,2.29,7.88,7.81,Late
TR2603,T020,D033,R005,2025-09-23 09:01:35.841533,604,207.24,6.1,14.52,12.91,Late
TR2604,T053,D008,R004,2025-10-07 09:01:35.843540,363,90.63,2.15,6.91,7.71,On Time
TR2605,T015,D038,R008,2026-07-17 09:01:35.844533,288,87.13,2.58,5.66,6.14,On Time
TR2606,T005,D035,R002,2025-12-20 09:01:35.846536,260,93.8,2.47,5.95,5.19,Late
TR2607,T032,D028,R001,2026-04-19 09:01:35.848688,559,128.48,4.16,9.31,9.95,On Time
TR2608,T056,D050,R006,2026-01-26 09:01:35.850304,590,185.85,4.58,12.39,11.12,Late
TR2609,T086,D020,R003,2026-04-25 09:01:35.852293,411,132.46,2.33,7.08,7.78,On Time
TR2610,T012,D018,R008,2025-12-22 09:01:35.854292,282,110.79,2.13,5.32,5.28,Late
TR2611,T044,D017,R008,2026-07-02 09:01:35.856292,319,126.71,2.56,7.21,5.8,Late
TR2612,T049,D007,R001,2026-03-13 09:01:35.857292,555,219.0,5.75,8.98,9.68,On Time
TR2613,T045,D021,R003,2025-10-16 09:01:35.859293,406,124.5,2.0,8.38,7.14,Late
TR2614,T028,D001,R005,2025-09-26 09:01:35.861292,642,167.45,4.49,10.73,11.9,On Time
TR2615,T003,D018,R002,2026-04-28 09:01:35.862292,281,104.29,2.12,4.24,4.72,On Time
TR2616,T046,D035,R002,2026-07-12 09:01:35.865055,267,84.67,2.13,5.15,5.29,On Time
TR2617,T004,D007,R005,2026-09-03 09:01:35.866150,613,139.86,2.6,12.21,10.51,Late
TR2618,T062,D002,R005,2026-01-14 09:01:35.868145,656,251.57,2.99,15.34,14.0,Late
TR2619,T064,D039,R004,2026-08-04 09:01:35.870145,351,133.94,2.71,5.68,6.5,On Time
TR2620,T076,D016,R004,2025-12-19 09:01:35.871145,335,100.76,3.07,8.53,7.14,Late
TR2621,T014,D009,R001,2025-10-01 09:01:35.873145,568,180.96,4.38,8.75,9.58,On Time
TR2622,T001,D015,R002,2026-08-17 09:01:35.875151,246,63.04,2.08,3.66,4.24,On Time
TR2623,T079,D040,R007,2025-10-24 09:01:35.877145,699,161.96,4.28,14.34,13.68,Late
TR2624,T055,D003,R002,2025-11-18 09:01:35.878145,289,70.94,2.42,5.31,5.32,On Time
TR2625,T045,D021,R008,2026-05-11 09:01:35.880145,287,93.48,2.45,6.12,4.98,Late
TR2626,T014,D009,R001,2026-07-22 09:01:35.882753,555,132.98,2.17,11.65,11.38,Late
TR2627,T008,D011,R008,2026-06-02 09:01:35.883749,313,114.36,2.03,4.96,5.52,On Time
TR2628,T095,D031,R003,2026-04-28 09:01:35.885749,410,123.3,3.45,8.71,8.46,Late
TR2629,T012,D018,R006,2025-12-26 09:01:35.887749,597,211.42,2.39,12.09,11.32,Late
TR2630,T094,D016,R004,2026-07-23 09:01:35.888749,376,116.32,3.6,8.77,8.07,Late
TR2631,T091,D025,R006,2026-01-28 09:01:35.890749,569,166.04,2.4,10.29,11.87,On Time
TR2632,T007,D006,R001,2026-04-22 09:01:35.892749,576,146.74,3.36,14.26,11.52,Late
TR2633,T068,D026,R004,2026-07-20 09:01:35.893749,351,100.74,3.15,7.38,7.31,Late
TR2634,T004,D007,R001,2025-12-20 09:01:35.895749,548,150.95,4.55,12.2,11.48,Late
TR2635,T058,D043,R005,2026-06-04 09:01:35.898237,624,159.72,2.51,12.13,11.57,Late
TR2636,T001,D015,R002,2026-06-06 09:01:35.899311,253,87.3,2.38,5.5,4.59,Late
TR2637,T021,D010,R008,2026-02-05 09:01:35.901306,316,76.7,2.84,6.52,5.35,Late
TR2638,T056,D050,R001,2026-05-16 09:01:35.903306,599,214.09,5.13,10.43,11.91,On Time
TR2639,T090,D042,R007,2026-02-22 09:01:35.905311,730,211.59,4.1,19.93,16.05,Late
TR2640,T013,D042,R006,2026-08-13 09:01:35.907307,585,132.05,5.15,9.24,10.75,On Time
TR2641,T007,D006,R008,2026-05-10 09:01:35.909313,292,79.41,2.04,4.78,5.31,On Time
TR2642,T096,D011,R002,2025-12-08 09:01:35.911313,273,90.24,2.04,6.5,5.62,Late
TR2643,T092,D018,R007,2026-05-01 09:01:35.913314,712,177.35,4.91,13.56,12.3,Late
TR2644,T041,D033,R006,2026-06-20 09:01:35.914927,581,151.48,2.17,10.21,10.45,On Time
TR2645,T079,D040,R003,2025-11-14 09:01:35.916980,398,113.6,3.56,6.75,6.97,On Time
TR2646,T051,D041,R006,2025-10-20 09:01:35.918980,616,165.94,2.26,11.38,10.29,Late
TR2647,T060,D020,R006,2025-11-12 09:01:35.920980,603,178.51,4.2,13.08,12.88,Late
TR2648,T038,D030,R008,2026-05-29 09:01:35.922980,270,81.28,2.46,4.73,5.32,On Time
TR2649,T007,D006,R005,2026-06-19 09:01:35.923980,628,181.51,5.25,12.09,12.82,On Time
TR2650,T056,D050,R005,2025-11-18 09:01:35.925980,608,208.09,4.54,11.61,10.99,Late
TR2651,T075,D027,R001,2026-09-09 09:01:35.927987,583,134.83,2.25,10.01,9.73,Late
TR2652,T034,D009,R004,2026-07-07 09:01:35.929980,344,80.62,2.04,7.34,5.96,Late
TR2653,T060,D020,R007,2026-06-21 09:01:35.931502,679,192.29,2.53,12.63,11.85,Late
TR2654,T053,D008,R008,2025-10-29 09:01:35.933575,267,63.84,2.76,5.41,4.86,Late
TR2655,T081,D018,R008,2026-08-05 09:01:35.934575,280,104.08,2.22,5.82,4.75,Late
TR2656,T088,D043,R001,2025-11-21 09:01:35.936575,591,147.68,3.69,12.0,11.03,Late
TR2657,T019,D008,R008,2025-12-15 09:01:35.938574,321,117.85,2.47,6.64,5.38,Late
TR2658,T076,D016,R006,2026-08-11 09:01:35.939574,584,134.08,5.84,13.06,11.1,Late
TR2659,T052,D041,R007,2026-07-17 09:01:35.941574,733,242.71,4.28,12.64,13.82,On Time
TR2660,T046,D035,R002,2026-02-03 09:01:35.943581,265,75.15,2.6,4.85,4.5,Late
TR2661,T048,D043,R004,2026-09-03 09:01:35.945576,362,82.93,2.43,5.97,6.82,On Time
TR2662,T006,D037,R005,2026-06-16 09:01:35.947574,623,180.65,5.6,10.61,11.96,On Time
TR2663,T049,D007,R002,2025-10-20 09:01:35.949151,268,100.36,2.41,4.41,4.97,On Time
TR2664,T021,D010,R006,2026-06-24 09:01:35.951146,598,139.66,4.38,11.78,10.85,Late
TR2665,T055,D003,R004,2026-02-28 09:01:35.952146,369,85.66,2.95,8.91,7.81,Late
TR2666,T086,D020,R004,2026-08-25 09:01:35.954146,393,93.66,2.97,6.22,7.15,On Time
TR2667,T030,D014,R007,2025-11-23 09:01:35.956146,721,263.54,4.14,10.9,12.31,On Time
TR2668,T046,D035,R006,2026-06-18 09:01:35.957146,593,229.13,3.93,11.22,10.14,Late
TR2669,T087,D015,R004,2026-03-07 09:01:35.959149,391,94.97,2.58,6.9,7.34,On Time
TR2670,T100,D027,R001,2025-10-08 09:01:35.961150,606,177.17,4.42,12.47,10.64,Late
TR2671,T024,D049,R001,2025-09-22 09:01:35.963146,565,149.47,4.41,11.84,9.7,Late
TR2672,T079,D040,R008,2025-11-07 09:01:35.964628,288,88.14,2.4,5.65,5.91,On Time
TR2673,T035,D029,R001,2026-06-30 09:01:35.966701,575,163.19,4.11,12.5,12.16,Late
TR2674,T014,D009,R004,2026-05-15 09:01:35.968704,358,128.56,3.35,5.94,5.99,On Time
TR2675,T053,D008,R005,2025-11-27 09:01:35.970713,614,171.26,6.1,13.77,13.1,Late
TR2676,T100,D027,R001,2026-05-23 09:01:35.971701,561,185.04,4.32,12.42,11.0,Late
TR2677,T056,D050,R008,2025-12-21 09:01:35.973701,272,60.85,2.42,4.86,5.34,On Time
TR2678,T074,D002,R003,2026-04-16 09:01:35.975702,364,108.66,2.14,5.86,6.7,On Time
TR2679,T015,D038,R002,2025-10-13 09:01:35.977701,269,62.67,2.47,4.26,4.49,On Time
TR2680,T077,D015,R002,2026-02-20 09:01:35.979701,272,65.86,2.07,5.43,4.53,Late
TR2681,T028,D001,R001,2026-05-12 09:01:35.981522,577,146.47,2.17,9.75,9.88,On Time
TR2682,T033,D026,R002,2025-09-23 09:01:35.983237,252,69.76,2.01,5.34,5.43,On Time
TR2683,T022,D032,R006,2026-07-04 09:01:35.985239,589,136.57,3.04,11.63,11.98,On Time
TR2684,T079,D040,R001,2025-09-25 09:01:35.986235,553,164.69,3.09,12.11,10.1,Late
TR2685,T004,D007,R008,2026-01-12 09:01:35.988236,314,86.4,2.84,5.38,6.15,On Time
TR2686,T096,D011,R008,2025-12-15 09:01:35.990234,268,66.26,2.54,5.44,5.71,On Time
TR2687,T070,D020,R008,2026-09-15 09:01:35.992237,304,117.66,2.81,6.94,5.72,Late
TR2688,T060,D020,R007,2026-05-01 09:01:35.993238,729,202.37,4.09,13.84,15.69,On Time
TR2689,T014,D009,R001,2026-02-27 09:01:35.995242,597,202.17,4.36,11.05,11.96,On Time
TR2690,T034,D009,R005,2026-05-12 09:01:35.997542,631,188.68,4.98,12.59,11.48,Late
TR2691,T075,D027,R004,2025-12-31 09:01:35.998540,359,92.22,2.63,6.57,6.74,On Time
TR2692,T040,D004,R006,2026-05-06 09:01:36.000708,610,142.36,5.88,12.98,13.16,On Time
TR2693,T085,D050,R006,2025-10-04 09:01:36.002707,569,209.09,2.72,11.96,10.5,Late
TR2694,T088,D043,R006,2026-03-05 09:01:36.004707,615,177.98,5.52,13.77,12.2,Late
TR2695,T006,D037,R004,2026-08-16 09:01:36.005709,356,130.56,2.37,6.96,6.83,Late
TR2696,T077,D015,R007,2026-02-13 09:01:36.007707,710,177.26,3.59,13.42,13.31,Late
TR2697,T053,D008,R005,2026-04-02 09:01:36.009707,642,169.16,3.59,14.94,13.81,Late
TR2698,T008,D011,R001,2025-10-18 09:01:36.010707,571,164.51,4.16,13.57,12.48,Late
TR2699,T018,D036,R005,2026-04-19 09:01:36.012708,616,173.0,5.93,10.57,11.47,On Time
TR2700,T049,D007,R003,2025-12-05 09:01:36.015486,403,95.26,3.17,8.14,7.1,Late
TR2701,T056,D050,R002,2026-06-26 09:01:36.016540,263,79.19,2.01,5.4,5.27,Late
TR2702,T040,D004,R001,2026-03-26 09:01:36.018536,567,169.4,4.03,12.95,11.24,Late
TR2703,T004,D007,R002,2026-05-26 09:01:36.020536,268,78.79,2.12,5.23,4.52,Late
TR2704,T065,D046,R003,2026-03-11 09:01:36.021536,411,110.57,2.49,7.58,8.0,On Time
TR2705,T052,D041,R003,2026-02-14 09:01:36.023536,416,127.51,2.64,9.78,8.86,Late
TR2706,T038,D030,R003,2026-03-23 09:01:36.025541,363,133.61,2.43,7.27,6.66,Late
TR2707,T007,D006,R001,2026-06-13 09:01:36.026536,547,140.63,2.45,9.07,9.92,On Time
TR2708,T020,D033,R007,2026-01-15 09:01:36.028536,694,242.48,5.51,12.68,12.3,Late
TR2709,T061,D022,R003,2026-03-01 09:01:36.031541,379,114.76,2.05,7.35,6.71,Late
TR2710,T011,D050,R005,2026-01-02 09:01:36.033113,608,198.57,5.48,9.03,10.18,On Time
TR2711,T033,D026,R001,2026-09-13 09:01:36.035115,581,141.92,4.87,13.27,10.64,Late
TR2712,T069,D044,R002,2026-01-13 09:01:36.036110,232,85.4,2.44,5.36,4.31,Late
TR2713,T072,D043,R007,2026-03-17 09:01:36.038109,684,236.53,4.25,16.01,14.81,Late
TR2714,T002,D029,R004,2026-02-19 09:01:36.040109,393,95.76,3.3,9.48,7.6,Late
TR2715,T022,D032,R003,2026-06-24 09:01:36.042109,400,96.99,2.1,9.9,8.67,Late
TR2716,T068,D026,R002,2026-05-23 09:01:36.043109,248,83.85,2.27,4.58,4.4,Late
TR2717,T090,D042,R007,2026-01-23 09:01:36.045109,713,180.1,4.8,13.06,12.29,Late
TR2718,T082,D022,R007,2026-04-11 09:01:36.047109,686,211.93,2.65,14.79,14.01,Late
TR2719,T086,D020,R006,2026-05-10 09:01:36.048610,601,154.52,3.43,12.14,12.39,On Time
TR2720,T097,D037,R002,2026-05-09 09:01:36.050665,292,96.16,2.19,7.88,6.42,Late
TR2721,T048,D043,R004,2026-06-08 09:01:36.052665,352,92.52,3.39,6.39,7.03,On Time
TR2722,T010,D025,R003,2026-01-30 09:01:36.053665,367,132.02,2.54,9.37,7.66,Late
TR2723,T069,D044,R004,2025-11-03 09:01:36.055665,373,92.54,3.2,6.97,6.66,Late
TR2724,T011,D050,R004,2026-05-15 09:01:36.057665,362,107.2,3.09,7.4,6.4,Late
TR2725,T083,D025,R004,2026-06-10 09:01:36.058665,375,97.22,3.42,7.25,7.9,On Time
TR2726,T072,D043,R006,2026-01-16 09:01:36.060665,600,184.1,3.4,11.09,12.62,On Time
TR2727,T002,D029,R005,2026-03-02 09:01:36.062670,638,177.92,6.11,9.81,11.19,On Time
TR2728,T006,D037,R003,2025-11-09 09:01:36.065224,376,119.07,3.89,5.96,6.9,On Time
TR2729,T030,D014,R008,2025-11-01 09:01:36.066310,284,72.11,2.84,4.9,5.4,On Time
TR2730,T043,D027,R001,2025-09-23 09:01:36.068306,601,203.11,4.97,10.48,12.12,On Time
TR2731,T095,D031,R006,2026-01-17 09:01:36.070305,572,162.07,4.0,10.35,10.26,Late
TR2732,T066,D028,R002,2026-04-27 09:01:36.071306,289,109.72,2.16,7.01,5.63,Late
TR2733,T086,D020,R001,2026-06-01 09:01:36.073305,570,188.54,5.09,13.09,11.09,Late
TR2734,T047,D016,R005,2025-09-21 09:01:36.075305,641,243.55,5.35,11.11,11.86,On Time
TR2735,T014,D009,R006,2025-10-09 09:01:36.077324,566,149.59,3.27,12.55,10.34,Late
TR2736,T083,D025,R006,2025-12-28 09:01:36.079308,604,219.9,4.62,14.06,11.39,Late
TR2737,T069,D044,R006,2025-11-20 09:01:36.080306,613,187.35,4.09,12.2,11.28,Late
TR2738,T100,D027,R003,2026-04-13 09:01:36.083067,369,86.42,3.89,7.13,6.54,Late
TR2739,T041,D033,R007,2026-04-29 09:01:36.084237,706,193.03,6.25,15.65,15.02,Late
TR2740,T088,D043,R001,2025-11-14 09:01:36.086232,555,184.53,4.04,13.44,11.45,Late
TR2741,T049,D007,R002,2025-12-05 09:01:36.088232,277,92.17,2.4,6.85,5.65,Late
TR2742,T076,D016,R003,2026-07-26 09:01:36.089232,388,137.32,2.29,8.61,7.99,Late
TR2743,T015,D038,R004,2026-06-28 09:01:36.091232,375,98.19,3.55,7.19,7.14,Late
TR2744,T073,D049,R001,2026-08-22 09:01:36.093232,560,125.37,4.68,11.2,10.61,Late
TR2745,T072,D043,R001,2026-07-19 09:01:36.094232,606,207.24,2.06,11.14,12.84,On Time
TR2746,T030,D014,R007,2026-03-03 09:01:36.096232,687,160.59,4.33,17.1,15.18,Late
TR2747,T049,D007,R007,2025-11-15 09:01:36.098233,683,263.64,5.4,17.83,15.03,Late
TR2748,T072,D043,R006,2026-09-11 09:01:36.100087,624,152.04,4.17,12.0,11.95,Late
TR2749,T038,D030,R004,2026-05-19 09:01:36.102085,346,106.61,3.47,5.87,6.08,On Time
TR2750,T038,D030,R002,2025-11-19 09:01:36.104083,291,92.72,2.32,7.34,5.98,Late
TR2751,T007,D006,R005,2025-12-09 09:01:36.106083,647,186.71,4.74,14.51,12.61,Late
TR2752,T025,D034,R008,2025-10-05 09:01:36.107083,284,91.06,2.74,5.32,4.9,Late
TR2753,T005,D035,R005,2026-02-22 09:01:36.109083,597,206.07,5.91,9.04,10.55,On Time
TR2754,T001,D015,R007,2025-11-19 09:01:36.111083,699,169.06,3.92,13.95,14.21,On Time
TR2755,T010,D025,R005,2025-10-09 09:01:36.112083,618,243.39,3.67,11.44,11.17,Late
TR2756,T035,D029,R008,2026-03-11 09:01:36.114752,269,101.6,2.28,4.62,4.59,Late
TR2757,T012,D018,R008,2026-05-24 09:01:36.115844,309,115.27,2.93,6.69,5.36,Late
TR2758,T001,D015,R008,2025-11-18 09:01:36.117839,315,92.81,2.25,6.38,6.32,Late
TR2759,T080,D017,R007,2025-12-03 09:01:36.119839,706,273.23,5.85,12.98,13.02,On Time
TR2760,T056,D050,R004,2025-12-17 09:01:36.120839,360,100.1,3.19,6.61,7.29,On Time
TR2761,T073,D049,R004,2026-09-09 09:01:36.122839,373,112.67,2.87,7.59,7.34,Late
TR2762,T070,D020,R008,2026-07-18 09:01:36.124839,291,80.47,2.44,6.08,5.51,Late
TR2763,T088,D043,R005,2026-09-01 09:01:36.125839,639,168.97,3.58,9.91,11.27,On Time
TR2764,T076,D016,R006,2026-01-27 09:01:36.127839,593,207.25,5.55,10.09,11.45,On Time
TR2765,T003,D018,R001,2026-07-11 09:01:36.129839,591,160.19,3.63,15.46,12.6,Late
TR2766,T090,D042,R008,2025-12-23 09:01:36.131320,312,69.7,2.54,7.44,6.02,Late
TR2767,T024,D049,R004,2026-09-14 09:01:36.133389,358,141.54,3.25,6.43,6.0,Late
TR2768,T074,D002,R003,2026-03-16 09:01:36.135389,383,87.66,2.64,7.54,6.48,Late
TR2769,T041,D033,R005,2025-10-08 09:01:36.136389,604,176.55,5.19,13.19,11.65,Late
TR2770,T063,D007,R005,2025-12-13 09:01:36.138389,615,188.06,4.87,11.32,12.87,On Time
TR2771,T083,D025,R004,2026-02-22 09:01:36.140393,369,132.29,3.54,9.04,7.96,Late
TR2772,T056,D050,R008,2026-03-29 09:01:36.142393,281,98.46,2.48,7.31,5.96,Late
TR2773,T010,D025,R002,2026-05-04 09:01:36.144394,260,99.74,2.45,5.84,4.68,Late
TR2774,T047,D016,R007,2025-10-03 09:01:36.146395,693,159.95,3.49,15.94,14.88,Late
TR2775,T063,D007,R008,2026-07-14 09:01:36.147972,317,76.02,2.0,7.4,6.37,Late
TR2776,T074,D002,R002,2026-09-16 09:01:36.150023,241,87.55,2.44,4.35,4.15,Late
TR2777,T003,D018,R006,2025-09-21 09:01:36.151023,626,157.74,5.56,13.75,13.62,Late
TR2778,T053,D008,R004,2026-07-09 09:01:36.153023,351,79.75,2.46,6.32,6.76,On Time
TR2779,T061,D022,R004,2026-04-26 09:01:36.155030,345,98.4,2.01,6.42,5.87,Late
TR2780,T012,D018,R005,2026-06-15 09:01:36.156024,628,177.38,2.69,12.49,10.61,Late
TR2781,T034,D009,R003,2026-08-10 09:01:36.158023,405,118.93,2.74,10.9,8.74,Late
TR2782,T070,D020,R006,2026-08-14 09:01:36.160023,625,143.27,2.23,9.42,11.05,On Time
TR2783,T045,D021,R002,2026-08-01 09:01:36.162026,292,80.55,2.07,6.47,5.26,Late
TR2784,T048,D043,R008,2026-07-23 09:01:36.164023,264,70.95,2.92,5.52,4.58,Late
TR2785,T085,D050,R004,2026-08-25 09:01:36.165597,339,108.31,3.22,7.57,6.59,Late
TR2786,T030,D014,R005,2025-11-29 09:01:36.167593,657,158.93,2.58,10.05,11.54,On Time
TR2787,T006,D037,R007,2025-10-03 09:01:36.168593,678,197.97,2.07,12.9,11.86,Late
TR2788,T062,D002,R005,2026-01-01 09:01:36.170593,613,142.16,4.45,11.86,10.67,Late
TR2789,T040,D004,R007,2025-10-21 09:01:36.172593,711,181.25,2.71,12.05,12.81,On Time
TR2790,T073,D049,R006,2026-02-17 09:01:36.173593,599,174.3,3.36,11.99,11.11,Late
TR2791,T077,D015,R006,2026-08-02 09:01:36.175593,582,190.32,5.8,10.01,11.17,On Time
TR2792,T093,D023,R003,2026-04-10 09:01:36.177616,392,90.09,3.54,6.12,6.57,On Time
TR2793,T011,D050,R006,2026-05-07 09:01:36.179593,579,134.54,3.32,9.1,10.36,On Time
TR2794,T020,D033,R002,2025-10-01 09:01:36.180593,254,62.73,2.11,4.67,4.62,Late
TR2795,T060,D020,R002,2026-03-16 09:01:36.183172,289,93.42,2.27,5.64,4.85,Late
TR2796,T068,D026,R003,2026-07-01 09:01:36.184168,408,95.72,2.8,10.06,8.39,Late
TR2797,T008,D011,R002,2026-02-09 09:01:36.186167,257,60.84,2.28,4.41,4.31,Late
TR2798,T076,D016,R005,2026-04-16 09:01:36.188168,632,215.11,5.98,10.77,11.33,On Time
TR2799,T065,D046,R002,2026-05-23 09:01:36.189168,244,67.88,2.24,4.01,4.1,On Time
TR2800,T081,D018,R005,2026-03-31 09:01:36.191167,651,210.28,3.43,11.82,11.09,Late
TR2801,T058,D043,R007,2026-03-16 09:01:36.193170,728,214.83,4.27,12.89,14.81,On Time
TR2802,T043,D027,R008,2025-12-01 09:01:36.195168,286,107.51,2.17,4.4,4.81,On Time
TR2803,T002,D029,R007,2026-04-03 09:01:36.197167,714,278.03,2.54,14.64,12.09,Late
TR2804,T064,D039,R002,2025-11-13 09:01:36.198632,272,69.75,2.06,5.43,4.86,Late
TR2805,T030,D014,R006,2025-12-31 09:01:36.199712,572,129.94,5.73,9.87,9.54,Late
TR2806,T013,D042,R003,2026-04-18 09:01:36.201708,398,88.99,3.34,8.63,8.79,On Time
TR2807,T057,D012,R002,2025-10-27 09:01:36.203708,275,83.89,2.01,4.58,4.97,On Time
TR2808,T092,D018,R006,2026-05-02 09:01:36.205708,605,186.62,4.77,14.68,12.47,Late
TR2809,T011,D050,R003,2026-07-09 09:01:36.206708,403,141.19,2.35,7.9,8.95,On Time
TR2810,T041,D033,R001,2026-08-17 09:01:36.208719,597,146.05,2.04,13.38,11.16,Late
TR2811,T054,D038,R001,2026-07-22 09:01:36.210708,595,144.25,3.27,8.92,10.12,On Time
TR2812,T093,D023,R003,2025-10-16 09:01:36.212708,419,146.19,3.3,8.9,7.2,Late
TR2813,T076,D016,R002,2026-02-04 09:01:36.214708,248,73.37,2.18,4.19,4.25,On Time
TR2814,T064,D039,R001,2026-01-22 09:01:36.216292,553,137.22,4.24,11.82,9.95,Late
TR2815,T007,D006,R001,2025-10-22 09:01:36.218287,606,188.92,2.11,12.08,10.79,Late
TR2816,T030,D014,R005,2026-02-27 09:01:36.219287,639,159.67,3.23,11.87,13.9,On Time
TR2817,T087,D015,R004,2026-06-04 09:01:36.221287,373,127.2,3.13,8.57,7.53,Late
TR2818,T075,D027,R002,2026-05-30 09:01:36.223287,239,95.37,2.27,5.83,4.76,Late
TR2819,T065,D046,R007,2025-12-13 09:01:36.225287,715,183.45,3.52,11.1,12.68,On Time
TR2820,T079,D040,R001,2025-11-05 09:01:36.226287,605,225.11,4.32,13.92,12.52,Late
TR2821,T023,D004,R007,2026-03-09 09:01:36.228287,710,220.61,5.47,11.93,12.59,On Time
TR2822,T044,D017,R002,2026-02-20 09:01:36.230287,241,93.0,2.6,4.09,4.74,On Time
TR2823,T073,D049,R007,2026-02-09 09:01:36.231775,736,201.36,6.77,13.58,13.46,Late
TR2824,T071,D029,R007,2026-05-05 09:01:36.232897,679,256.48,2.22,13.71,13.37,Late
TR2825,T090,D042,R003,2025-10-03 09:01:36.234892,417,139.78,2.24,7.65,7.99,On Time
TR2826,T028,D001,R006,2025-09-24 09:01:36.236892,608,210.55,5.81,10.24,10.53,On Time
TR2827,T048,D043,R003,2026-03-07 09:01:36.238892,415,140.68,3.44,9.64,9.21,Late
TR2828,T021,D010,R007,2026-09-11 09:01:36.240893,697,220.84,2.37,15.93,14.44,Late
TR2829,T028,D001,R002,2026-04-23 09:01:36.241892,256,81.89,2.07,5.49,5.45,Late
TR2830,T069,D044,R005,2025-11-27 09:01:36.243892,613,213.77,5.0,12.34,13.35,On Time
TR2831,T020,D033,R007,2026-08-12 09:01:36.245892,690,169.18,2.08,16.59,13.91,Late
TR2832,T005,D035,R004,2025-10-05 09:01:36.246892,370,143.43,2.08,6.45,6.33,Late
TR2833,T032,D028,R002,2026-02-17 09:01:36.249442,232,61.47,2.32,4.19,3.91,Late
TR2834,T032,D028,R008,2026-02-27 09:01:36.250438,264,94.19,2.42,3.99,4.51,On Time
TR2835,T018,D036,R003,2026-01-26 09:01:36.252437,399,91.62,2.63,9.09,8.11,Late
TR2836,T073,D049,R003,2025-12-01 09:01:36.254437,395,96.82,3.64,7.28,7.43,On Time
TR2837,T012,D018,R005,2026-06-23 09:01:36.256438,607,164.64,3.69,11.48,11.26,Late
TR2838,T030,D014,R006,2026-09-12 09:01:36.257438,619,207.68,5.5,13.52,11.24,Late
TR2839,T019,D008,R001,2026-01-23 09:01:36.259437,576,177.77,5.71,9.61,10.91,On Time
TR2840,T004,D007,R008,2026-08-01 09:01:36.261438,308,83.43,2.75,7.03,6.84,Late
TR2841,T021,D010,R008,2026-02-08 09:01:36.262438,278,70.78,2.66,4.81,5.22,On Time
TR2842,T022,D032,R007,2026-08-13 09:01:36.264936,682,179.75,3.78,14.04,12.6,Late
TR2843,T068,D026,R001,2026-09-14 09:01:36.266010,597,217.17,4.59,11.65,11.14,Late
TR2844,T073,D049,R007,2026-05-31 09:01:36.268006,682,202.53,4.71,12.67,12.05,Late
TR2845,T043,D027,R002,2025-11-29 09:01:36.270006,267,74.14,2.46,5.73,4.77,Late
TR2846,T089,D040,R002,2025-12-26 09:01:36.272007,262,92.42,2.03,4.74,4.73,Late
TR2847,T007,D006,R004,2025-12-17 09:01:36.274006,382,85.18,3.26,7.21,7.63,On Time
TR2848,T090,D042,R007,2025-11-09 09:01:36.275006,714,169.35,6.77,19.27,15.52,Late
TR2849,T066,D028,R003,2026-04-28 09:01:36.277006,418,114.09,2.63,8.38,7.15,Late
TR2850,T040,D004,R008,2026-06-22 09:01:36.279006,319,122.37,2.68,7.25,6.87,Late
TR2851,T062,D002,R002,2026-04-19 09:01:36.281006,242,96.71,2.33,4.75,5.08,On Time
TR2852,T081,D018,R007,2026-06-29 09:01:36.282608,735,175.95,2.3,16.93,15.18,Late
TR2853,T012,D018,R003,2026-07-11 09:01:36.283605,377,123.3,3.76,7.01,6.3,Late
TR2854,T068,D026,R002,2026-03-16 09:01:36.285604,279,102.6,2.36,6.7,5.44,Late
TR2855,T091,D025,R005,2026-09-10 09:01:36.287605,609,156.07,2.54,12.64,11.05,Late
TR2856,T082,D022,R008,2026-07-02 09:01:36.289604,277,62.14,2.21,6.41,5.64,Late
TR2857,T017,D039,R005,2026-07-13 09:01:36.290604,605,153.79,4.97,13.72,11.53,Late
TR2858,T014,D009,R007,2026-07-12 09:01:36.292605,691,212.89,4.55,17.44,14.42,Late
TR2859,T054,D038,R004,2026-09-15 09:01:36.294604,355,83.09,3.12,7.01,6.95,Late
TR2860,T008,D011,R005,2026-02-03 09:01:36.296604,619,157.49,3.95,14.05,11.48,Late
TR2861,T046,D035,R007,2026-07-11 09:01:36.298105,701,162.79,5.89,16.07,15.09,Late
TR2862,T088,D043,R001,2025-10-02 09:01:36.300196,548,144.08,5.33,8.11,9.15,On Time
TR2863,T088,D043,R005,2026-08-27 09:01:36.302201,644,243.2,5.67,15.57,13.02,Late
TR2864,T021,D010,R001,2026-09-02 09:01:36.304196,584,146.07,2.99,9.9,11.03,On Time
TR2865,T095,D031,R005,2026-06-25 09:01:36.306196,631,152.33,2.64,13.79,13.72,Late
TR2866,T011,D050,R006,2026-09-09 09:01:36.307195,617,145.61,3.98,10.63,10.44,Late
TR2867,T047,D016,R008,2026-02-27 09:01:36.309207,289,79.96,2.43,6.79,5.72,Late
TR2868,T097,D037,R004,2026-06-30 09:01:36.311196,390,91.08,2.14,8.69,7.69,Late
TR2869,T066,D028,R005,2026-04-23 09:01:36.312196,648,197.11,5.33,12.48,12.85,On Time
TR2870,T033,D026,R008,2026-06-08 09:01:36.314195,283,74.24,2.64,5.6,5.48,Late
TR2871,T078,D008,R002,2026-09-12 09:01:36.316196,281,97.67,2.19,5.91,5.81,Late
TR2872,T078,D008,R005,2026-03-03 09:01:36.318217,621,219.08,2.58,15.43,12.98,Late
TR2873,T016,D049,R007,2026-02-18 09:01:36.320195,681,220.31,5.37,13.51,14.43,On Time
TR2874,T095,D031,R008,2025-10-07 09:01:36.321195,285,65.04,2.14,5.22,5.34,On Time
TR2875,T087,D015,R004,2025-12-17 09:01:36.323196,366,87.14,3.21,8.27,6.71,Late
TR2876,T077,D015,R004,2026-02-20 09:01:36.325195,394,101.69,2.24,9.32,8.48,Late
TR2877,T031,D031,R004,2025-11-13 09:01:36.327196,380,121.71,2.94,5.86,6.63,On Time
TR2878,T049,D007,R003,2026-07-10 09:01:36.328195,376,127.84,3.37,8.25,7.04,Late
TR2879,T037,D026,R008,2025-10-10 09:01:36.330195,324,94.69,2.05,6.58,5.46,Late
TR2880,T069,D044,R008,2026-08-30 09:01:36.331701,279,94.58,2.76,5.31,5.7,On Time
TR2881,T031,D031,R003,2025-12-20 09:01:36.333842,364,136.98,2.95,7.53,6.33,Late
TR2882,T004,D007,R005,2026-03-01 09:01:36.335772,620,139.0,5.91,15.12,12.65,Late
TR2883,T073,D049,R007,2025-11-20 09:01:36.337973,719,236.74,5.6,14.84,14.39,Late
TR2884,T093,D023,R008,2025-10-26 09:01:36.339771,315,70.3,2.32,6.92,5.64,Late
TR2885,T026,D026,R005,2026-05-01 09:01:36.340770,620,139.83,3.68,12.94,12.03,Late
TR2886,T094,D016,R007,2026-02-08 09:01:36.342771,714,176.13,3.06,16.5,14.07,Late
TR2887,T036,D049,R007,2025-12-16 09:01:36.344777,684,257.32,5.53,13.61,13.64,On Time
TR2888,T002,D029,R006,2026-04-13 09:01:36.346770,602,190.26,4.01,11.47,10.45,Late
TR2889,T044,D017,R007,2026-03-10 09:01:36.347770,687,170.86,4.91,12.48,12.74,On Time
TR2890,T051,D041,R002,2026-05-17 09:01:36.350340,251,59.93,2.01,6.27,5.26,Late
TR2891,T036,D049,R005,2026-07-18 09:01:36.352338,605,203.08,3.13,11.59,10.68,Late
TR2892,T050,D014,R001,2026-05-04 09:01:36.354343,554,126.88,4.45,14.04,11.24,Late
TR2893,T075,D027,R006,2026-07-19 09:01:36.355338,578,192.95,3.19,12.13,9.89,Late
TR2894,T041,D033,R007,2025-11-30 09:01:36.357336,732,234.77,4.09,11.45,13.12,On Time
TR2895,T085,D050,R004,2026-09-07 09:01:36.359337,383,112.13,2.05,9.98,8.23,Late
TR2896,T083,D025,R005,2026-03-18 09:01:36.360336,640,161.55,5.93,12.97,12.21,Late
TR2897,T019,D008,R008,2026-07-31 09:01:36.362336,323,117.86,2.86,6.83,6.39,Late
TR2898,T072,D043,R002,2025-10-15 09:01:36.364336,249,79.38,2.17,6.08,5.17,Late
TR2899,T023,D004,R008,2026-05-03 09:01:36.366163,291,68.02,2.79,5.72,5.53,Late
TR2900,T084,D022,R004,2025-10-22 09:01:36.368156,390,101.1,3.58,8.95,8.53,Late
TR2901,T083,D025,R001,2026-03-26 09:01:36.370156,606,146.67,5.3,14.17,13.35,Late
TR2902,T019,D008,R003,2026-02-08 09:01:36.371160,374,86.78,2.76,6.5,7.2,On Time
TR2903,T042,D026,R006,2026-08-16 09:01:36.373156,592,205.8,4.56,10.18,11.38,On Time
TR2904,T006,D037,R005,2026-02-04 09:01:36.375156,656,162.93,5.98,13.9,11.82,Late
TR2905,T009,D039,R007,2025-10-14 09:01:36.376156,677,155.45,6.98,14.87,13.4,Late
TR2906,T005,D035,R003,2026-07-13 09:01:36.378156,361,83.15,2.12,7.76,6.91,Late
TR2907,T024,D049,R004,2026-02-11 09:01:36.380156,354,103.32,2.04,5.7,6.14,On Time
TR2908,T039,D013,R003,2026-05-28 09:01:36.381670,374,84.32,3.45,6.07,6.75,On Time
TR2909,T068,D026,R007,2026-08-30 09:01:36.383778,727,193.6,3.0,19.58,15.7,Late
TR2910,T026,D026,R008,2026-02-28 09:01:36.385778,288,76.91,2.17,5.22,5.73,On Time
TR2911,T093,D023,R003,2026-01-11 09:01:36.386778,361,97.52,3.49,8.61,7.55,Late
TR2912,T045,D021,R002,2025-10-14 09:01:36.388777,240,60.94,2.42,3.99,4.03,On Time
TR2913,T031,D031,R002,2026-02-02 09:01:36.390777,241,84.92,2.14,5.11,4.41,Late
TR2914,T079,D040,R004,2026-04-22 09:01:36.391778,346,80.7,2.6,5.89,6.4,On Time
TR2915,T061,D022,R008,2026-03-19 09:01:36.393778,308,79.24,2.21,6.23,5.27,Late
TR2916,T030,D014,R007,2026-01-19 09:01:36.395777,703,209.62,4.01,16.55,13.36,Late
TR2917,T007,D006,R002,2025-11-10 09:01:36.397780,267,59.97,2.31,5.4,5.84,On Time
TR2918,T016,D049,R005,2026-03-05 09:01:36.399376,645,183.69,2.16,16.22,13.61,Late
TR2919,T002,D029,R007,2025-12-07 09:01:36.401372,707,257.15,3.12,13.76,13.88,On Time
TR2920,T072,D043,R005,2026-01-07 09:01:36.402372,640,176.77,4.84,12.2,10.77,Late
TR2921,T081,D018,R001,2026-05-07 09:01:36.404371,574,132.07,4.94,10.82,10.17,Late
TR2922,T062,D002,R003,2026-06-01 09:01:36.406372,372,118.15,3.86,5.96,6.61,On Time
TR2923,T028,D001,R005,2025-09-17 09:01:36.407372,641,143.56,4.17,12.44,13.6,On Time
TR2924,T082,D022,R004,2026-03-23 09:01:36.409372,340,84.81,2.92,8.6,6.89,Late
TR2925,T086,D020,R004,2025-10-01 09:01:36.411371,388,97.46,3.04,9.65,8.2,Late
TR2926,T024,D049,R001,2026-06-15 09:01:36.413372,558,140.61,5.1,9.68,11.09,On Time
TR2927,T080,D017,R006,2026-05-15 09:01:36.414875,587,200.88,5.3,12.95,10.7,Late
TR2928,T082,D022,R007,2025-10-20 09:01:36.416942,726,184.07,2.58,11.87,12.52,On Time
TR2929,T008,D011,R006,2026-05-19 09:01:36.417943,583,177.01,2.02,9.84,10.25,On Time
TR2930,T086,D020,R007,2026-07-16 09:01:36.419942,696,235.28,5.31,12.67,13.04,On Time
TR2931,T042,D026,R001,2026-03-03 09:01:36.421942,556,220.01,2.66,9.5,10.13,On Time
TR2932,T085,D050,R008,2025-11-28 09:01:36.423942,267,75.91,2.78,5.47,5.42,Late
TR2933,T061,D022,R002,2026-01-16 09:01:36.424942,274,84.81,2.03,6.81,5.96,Late
TR2934,T041,D033,R006,2025-10-14 09:01:36.426943,582,160.01,2.27,12.5,10.21,Late
TR2935,T012,D018,R002,2025-10-07 09:01:36.428943,259,58.14,2.21,4.65,5.28,On Time
TR2936,T055,D003,R006,2026-03-08 09:01:36.430942,583,230.09,4.35,8.76,9.88,On Time
TR2937,T028,D001,R004,2026-06-14 09:01:36.432355,371,118.07,2.1,6.92,6.97,On Time
TR2938,T001,D015,R001,2026-06-27 09:01:36.434352,598,215.56,4.51,12.54,12.25,Late
TR2939,T010,D025,R006,2025-10-13 09:01:36.435352,605,142.9,2.36,10.44,11.54,On Time
TR2940,T040,D004,R006,2026-02-08 09:01:36.437352,570,130.09,5.59,12.24,10.64,Late
TR2941,T080,D017,R002,2026-08-29 09:01:36.439380,257,75.03,2.35,4.95,4.8,Late
TR2942,T067,D047,R006,2026-01-12 09:01:36.441352,596,203.33,2.92,13.13,12.55,Late
TR2943,T078,D008,R004,2026-09-02 09:01:36.443354,383,133.41,2.76,7.47,7.43,Late
TR2944,T044,D017,R003,2025-10-19 09:01:36.445352,404,110.58,3.03,8.38,7.63,Late
TR2945,T046,D035,R004,2025-10-01 09:01:36.446352,349,83.47,2.94,7.25,5.91,Late
TR2946,T090,D042,R006,2026-03-05 09:01:36.448352,610,195.67,3.3,11.57,13.05,On Time
TR2947,T025,D034,R008,2025-10-25 09:01:36.449912,265,60.12,2.31,5.6,4.81,Late
TR2948,T030,D014,R001,2026-03-20 09:01:36.451909,554,198.6,5.17,12.68,11.69,Late
TR2949,T100,D027,R002,2025-12-02 09:01:36.453909,254,73.14,2.4,6.25,5.01,Late
TR2950,T037,D026,R005,2025-12-03 09:01:36.454909,627,249.43,3.98,12.42,13.71,On Time
TR2951,T040,D004,R007,2026-04-17 09:01:36.456909,695,193.62,4.9,12.91,12.31,Late
TR2952,T076,D016,R003,2026-06-05 09:01:36.458913,388,89.26,2.73,5.9,6.66,On Time
TR2953,T045,D021,R007,2026-08-31 09:01:36.460909,703,181.13,2.12,18.43,15.45,Late
TR2954,T032,D028,R008,2025-11-19 09:01:36.462909,286,91.39,2.69,5.5,5.92,On Time
TR2955,T035,D029,R007,2026-08-07 09:01:36.463909,712,212.33,2.56,15.43,14.9,Late
TR2956,T082,D022,R003,2026-05-25 09:01:36.465420,396,104.21,2.61,9.49,8.41,Late
TR2957,T007,D006,R006,2026-03-12 09:01:36.467469,610,188.16,3.39,10.01,11.73,On Time
TR2958,T021,D010,R005,2026-04-16 09:01:36.469469,630,223.23,3.0,11.47,12.3,On Time
TR2959,T011,D050,R001,2025-12-04 09:01:36.470469,601,192.13,5.17,12.91,12.18,Late
TR2960,T098,D007,R001,2025-10-15 09:01:36.472469,568,152.55,3.64,10.89,11.31,On Time
TR2961,T039,D013,R008,2026-04-20 09:01:36.474471,285,71.12,2.7,6.01,4.9,Late
TR2962,T040,D004,R001,2025-11-07 09:01:36.476469,592,196.36,2.46,15.52,12.84,Late
TR2963,T073,D049,R004,2025-09-20 09:01:36.478469,393,106.02,3.55,8.82,8.07,Late
TR2964,T034,D009,R005,2026-05-01 09:01:36.480469,614,167.91,5.75,13.46,12.46,Late
TR2965,T034,D009,R004,2025-12-03 09:01:36.481939,335,94.32,2.28,6.77,6.08,Late
TR2966,T029,D003,R006,2026-01-15 09:01:36.482988,569,154.34,4.87,9.77,10.84,On Time
TR2967,T028,D001,R001,2025-12-23 09:01:36.484985,583,151.9,4.2,12.74,11.0,Late
TR2968,T035,D029,R008,2025-11-28 09:01:36.486985,270,90.05,2.42,4.95,5.8,On Time
TR2969,T008,D011,R001,2026-01-14 09:01:36.488985,591,207.61,3.23,11.79,10.21,Late
TR2970,T067,D047,R005,2026-03-11 09:01:36.490986,619,214.53,3.44,13.23,11.37,Late
TR2971,T075,D027,R008,2026-08-26 09:01:36.491985,272,64.48,2.28,5.5,5.8,On Time
TR2972,T073,D049,R007,2025-11-08 09:01:36.493985,703,167.52,3.13,12.14,13.86,On Time
TR2973,T007,D006,R004,2026-07-24 09:01:36.495985,386,151.09,2.22,7.92,6.6,Late
TR2974,T015,D038,R006,2026-03-18 09:01:36.496985,579,145.93,4.09,13.31,11.15,Late
TR2975,T077,D015,R006,2026-01-18 09:01:36.499538,591,205.16,5.82,12.11,11.0,Late
TR2976,T072,D043,R002,2025-11-08 09:01:36.500687,292,86.89,2.14,6.23,5.11,Late
TR2977,T009,D039,R007,2025-09-25 09:01:36.502679,692,176.91,3.66,12.02,12.99,On Time
TR2978,T050,D014,R003,2026-03-11 09:01:36.504678,374,140.11,2.09,8.26,7.74,Late
TR2979,T027,D015,R002,2025-10-08 09:01:36.506679,250,58.4,2.46,5.29,5.22,Late
TR2980,T005,D035,R002,2026-05-04 09:01:36.507678,286,95.42,2.25,5.57,5.76,On Time
TR2981,T084,D022,R001,2025-11-24 09:01:36.509678,553,217.94,3.57,11.76,11.41,Late
TR2982,T095,D031,R008,2025-12-14 09:01:36.511678,308,80.01,2.78,6.52,5.61,Late
TR2983,T005,D035,R002,2025-09-18 09:01:36.513678,267,65.39,2.44,4.95,4.46,Late
TR2984,T019,D008,R003,2026-08-22 09:01:36.514678,396,93.82,2.29,8.46,7.81,Late
TR2985,T084,D022,R004,2026-04-23 09:01:36.516450,339,89.37,2.11,5.83,5.69,Late
TR2986,T034,D009,R008,2026-08-18 09:01:36.518615,276,61.51,2.15,6.61,5.57,Late
TR2987,T069,D044,R007,2026-06-26 09:01:36.520616,726,177.82,6.12,12.49,14.38,On Time
TR2988,T079,D040,R004,2026-03-28 09:01:36.522614,394,128.73,3.2,7.15,7.75,On Time
TR2989,T097,D037,R002,2026-06-30 09:01:36.523614,291,72.43,2.39,5.47,6.06,On Time
TR2990,T030,D014,R004,2026-07-23 09:01:36.525614,334,120.47,2.35,7.17,7.1,Late
TR2991,T002,D029,R005,2026-02-03 09:01:36.527614,611,240.18,2.29,12.91,12.74,Late
TR2992,T089,D040,R002,2026-09-11 09:01:36.528614,239,62.23,2.27,4.8,4.65,Late
TR2993,T055,D003,R001,2026-04-08 09:01:36.530614,556,137.22,2.94,10.16,10.27,On Time
TR2994,T096,D011,R005,2026-08-07 09:01:36.533336,600,210.74,6.02,10.26,10.98,On Time
TR2995,T023,D004,R008,2026-01-10 09:01:36.535445,322,108.72,2.16,6.94,5.99,Late
TR2996,T004,D007,R004,2026-08-24 09:01:36.536443,347,114.08,2.21,6.89,5.9,Late
TR2997,T038,D030,R001,2026-09-08 09:01:36.538443,576,218.5,2.34,10.47,9.67,Late
TR2998,T092,D018,R003,2026-08-21 09:01:36.540443,370,83.8,3.67,6.09,6.74,On Time
TR2999,T008,D011,R008,2026-05-07 09:01:36.542443,292,70.73,2.62,6.36,5.23,Late
TR3000,T070,D020,R005,2026-01-16 09:01:36.543443,626,158.11,4.74,12.47,10.54,Late
